"Autauga, AL",2387,0.8,544,0.182,
"Baldwin, AL",5290,0.647,2694,0.32899999999999996,
"Barbour, AL",2567,0.9059999999999999,222,0.078,
"Bibb, AL",942,0.755,246,0.19699999999999998,
"Blount, AL",564,0.551,395,0.386,
"Bullock, AL",2451,0.9129999999999999,178,0.066,
"Butler, AL",2196,0.9209999999999999,156,0.065,
"Calhoun, AL",5011,0.765,1425,0.218,
"Chambers, AL",2899,0.8859999999999999,312,0.095,
"Cherokee, AL",712,0.6609999999999999,268,0.249,
"Chilton, AL",860,0.731,289,0.24600000000000002,
"Choctaw, AL",1772,0.802,273,0.124,
"Clarke, AL",3148,0.93,213,0.063,
"Clay, AL",807,0.818,135,0.13699999999999998,
"Cleburne, AL",221,0.732,72,0.23800000000000002,
"Coffee, AL",1493,0.772,389,0.201,
"Colbert, AL",3879,0.65,1342,0.225,
"Conecuh, AL",2031,0.7140000000000001,544,0.191,
"Coosa, AL",1012,0.877,125,0.10800000000000001,
"Covington, AL",737,0.773,188,0.19699999999999998,
"Crenshaw, AL",908,0.878,107,0.10300000000000001,
"Cullman, AL",1275,0.608,723,0.345,
"Dale, AL",1544,0.77,415,0.207,
"Dallas, AL",8577,0.7440000000000001,1774,0.154,
"Elmore, AL",3019,0.8009999999999999,694,0.184,
"Escambia, AL",2027,0.885,226,0.099,
"Etowah, AL",4262,0.746,1289,0.226,
"Fayette, AL",660,0.767,148,0.172,
"Franklin, AL",1233,0.484,767,0.301,
"Geneva, AL",544,0.7490000000000001,157,0.21600000000000003,
"Greene, AL",2714,0.9009999999999999,213,0.071,
"Hale, AL",2426,0.7959999999999999,427,0.14,
"Henry, AL",1170,0.856,163,0.11900000000000001,
"Houston, AL",3044,0.7829999999999999,780,0.201,
"Jackson, AL",1327,0.7,510,0.26899999999999996,
"Jefferson, AL",67357,0.816,14319,0.174,
"Lamar, AL",442,0.616,173,0.24100000000000002,
"Lauderdale, AL",3676,0.652,1745,0.309,
"Lawrence, AL",2047,0.777,428,0.162,
"Lee, AL",7137,0.736,2464,0.254,
"Limestone, AL",3199,0.728,1120,0.255,
"Lowndes, AL",3782,0.887,330,0.077,
"Macon, AL",4293,0.892,483,0.1,
"Madison, AL",19995,0.6859999999999999,8786,0.301,
"Marengo, AL",3590,0.6579999999999999,1092,0.2,
"Marion, AL",567,0.655,256,0.29600000000000004,
"Marshall, AL",1494,0.621,821,0.341,
"Mobile, AL",28927,0.8270000000000001,5672,0.162,
"Monroe, AL",2438,0.909,205,0.076,
"Montgomery, AL",28650,0.862,4266,0.128,
"Morgan, AL",3897,0.731,1345,0.252,
"Perry, AL",2575,0.82,389,0.124,
"Pickens, AL",2326,0.762,453,0.14800000000000002,
"Pike, AL",2183,0.8370000000000001,379,0.145,
"Randolph, AL",1236,0.706,328,0.187,
"Russell, AL",4381,0.728,988,0.16399999999999998,
"Shelby, AL",6657,0.628,3755,0.354,
"Sumter, AL",2987,0.809,416,0.113,
"Talladega, AL",5561,0.865,782,0.122,
"Tallapoosa, AL",2658,0.88,308,0.102,
"Tuscaloosa, AL",12136,0.767,3444,0.218,
"Walker, AL",1772,0.6709999999999999,727,0.275,
"Washington, AL",1511,0.575,562,0.214,
"Wilcox, AL",3337,0.843,410,0.10400000000000001,
"Winston, AL",303,0.667,138,0.304,
"Cochise, AZ",6339,0.498,3736,0.293,
"Coconino, AZ",742,0.087,6941,0.534,
"Gila, AZ",1305,0.35200000000000004,1606,0.419,
"Greenlee, AZ",237,0.377,24,0.038,
"La Paz, AZ",309,0.517,259,0.433,
"Mohave, AZ",14154,0.648,4744,0.217,
"Navajo, AZ",441,0.051,4415,0.597,
"Pima, AZ",40228,0.409,12182,0.575,
"Santa Cruz, AZ",451,0.268,180,0.107,
"Yavapai, AZ",8401,0.529,7108,0.447,
"Arkansas, AR",1073,0.385,789,0.28300000000000003,
"Ashley, AR",586,0.40399999999999997,403,0.278,
"Baxter, AR",3798,0.43799999999999994,2480,0.28600000000000003,
"Benton, AR",12863,0.303,11909,0.281,
"Boone, AR",2577,0.40700000000000003,1589,0.251,
"Bradley, AR",770,0.44299999999999995,393,0.226,
"Calhoun, AR",172,0.41600000000000004,142,0.344,
"Carroll, AR",0,0.0,0,0.0,
"Chicot, AR",416,0.511,162,0.19899999999999998,
"Clark, AR",907,0.345,750,0.285,
"Clay, AR",339,0.40700000000000003,276,0.331,
"Cleburne, AR",2530,0.368,2227,0.324,
"Cleveland, AR",550,0.368,503,0.336,
"Columbia, AR",1149,0.365,943,0.3,
"Conway, AR",805,0.36200000000000004,741,0.33299999999999996,
"Craighead, AR",4108,0.33399999999999996,3429,0.27899999999999997,
"Crawford, AR",3926,0.371,3392,0.32,
"Crittenden, AR",1359,0.444,792,0.259,
"Cross, AR",972,0.401,808,0.33399999999999996,
"Dallas, AR",163,0.37200000000000005,148,0.33799999999999997,
"Desha, AR",234,0.531,97,0.22,
"Drew, AR",795,0.366,557,0.256,
"Faulkner, AR",6228,0.33299999999999996,5426,0.29,
"Franklin, AR",1229,0.369,1093,0.32899999999999996,
"Fulton, AR",651,0.47,385,0.278,
"Garland, AR",5538,0.35200000000000004,4081,0.259,
"Grant, AR",1329,0.41100000000000003,1010,0.312,
"Greene, AR",2103,0.35100000000000003,1709,0.285,
"Hempstead, AR",917,0.37799999999999995,821,0.33899999999999997,
"Hot Spring, AR",1597,0.373,1381,0.322,
"Howard, AR",559,0.345,548,0.33899999999999997,
"Independence, AR",2077,0.349,1644,0.276,
"Izard, AR",873,0.42,628,0.302,
"Jackson, AR",711,0.43,437,0.264,
"Jefferson, AR",1490,0.39399999999999996,1285,0.34,
"Johnson, AR",1338,0.397,1004,0.298,
"Lafayette, AR",334,0.42,298,0.374,
"Lawrence, AR",445,0.358,426,0.34299999999999997,
"Lee, AR",349,0.527,143,0.21600000000000003,
"Lincoln, AR",581,0.436,416,0.312,
"Little River, AR",521,0.38799999999999996,488,0.363,
"Logan, AR",1208,0.365,1077,0.326,
"Lonoke, AR",4028,0.342,3826,0.325,
"Madison, AR",671,0.384,632,0.36200000000000004,
"Marion, AR",1581,0.431,903,0.24600000000000002,
"Miller, AR",2741,0.392,2425,0.34700000000000003,
"Mississippi, AR",1575,0.426,811,0.21899999999999997,
"Monroe, AR",173,0.413,138,0.32899999999999996,
"Montgomery, AR",672,0.41600000000000004,432,0.268,
"Nevada, AR",246,0.359,232,0.33799999999999997,
"Newton, AR",1073,0.385,789,0.28300000000000003,
"Ouachita, AR",1006,0.36700000000000005,789,0.28800000000000003,
"Perry, AR",544,0.37799999999999995,522,0.363,
"Phillips, AR",363,0.5660000000000001,113,0.17600000000000002,
"Pike, AR",511,0.33899999999999997,501,0.33299999999999996,
"Poinsett, AR",1036,0.385,901,0.335,
"Polk, AR",1895,0.40299999999999997,1043,0.222,
"Pope, AR",3073,0.321,3005,0.314,
"Prairie, AR",466,0.425,326,0.297,
"Pulaski, AR",16282,0.35200000000000004,12848,0.278,
"Randolph, AR",735,0.37,655,0.33,
"Saline, AR",7507,0.331,6934,0.306,
"Scott, AR",715,0.42700000000000005,484,0.289,
"Searcy, AR",939,0.39,852,0.354,
"Sebastian, AR",6030,0.32299999999999995,5686,0.305,
"Sevier, AR",593,0.382,495,0.319,
"Sharp, AR",1241,0.419,722,0.244,
"Stone, AR",993,0.392,780,0.308,
"Union, AR",1188,0.35200000000000004,1138,0.337,
"Van Buren, AR",1198,0.375,958,0.3,
"Washington, AR",8890,0.307,8730,0.301,
"White, AR",4395,0.341,4074,0.316,
"Woodruff, AR",130,0.442,85,0.289,
"Yell, AR",911,0.376,784,0.324,
"Adams, CO",3279,0.61,2060,0.38299999999999995,
"Archuleta, CO",83,0.342,15,0.319,
"Broomfield, CO",1010,0.632,563,0.35200000000000004,
"Clear Creek, CO",159,0.442,73,0.584,
"Custer, CO",45,0.57,34,0.43,
"Dolores, CO",8,0.22899999999999998,2347,0.49700000000000005,
"El Paso, CO",4954,0.611,3109,0.384,
"Gilpin, CO",74,0.298,187,0.638,
"Huerfano, CO",150,0.584,93,0.36200000000000004,
"Kiowa, CO",2,0.182,16,0.593,
"Larimer, CO",6664,0.672,3231,0.326,
"Logan, CO",70,0.467,1095,0.573,
"Montezuma, CO",412,0.6729999999999999,198,0.324,
"Otero, CO",78,0.451,156,0.645,
"Pitkin, CO",421,0.547,349,0.45299999999999996,
"Rio Blanco, CO",8,0.308,59,0.546,
"San Juan, CO",27,0.711,11,0.289,
"Summit, CO",276,0.395,219,0.622,
"Yuma, CO",45,0.536,33,0.39299999999999996,
"Alachua, FL",17590,0.488,2163,0.531,
"Bay, FL",14426,0.48700000000000004,7153,0.242,
"Bradford, FL",964,0.265,700,0.192,
"Brevard, FL",19334,0.19699999999999998,6250,0.064,
"Broward, FL",7674,0.07200000000000001,132527,0.725,
"Calhoun, FL",545,0.452,437,0.36200000000000004,
"Charlotte, FL",4634,0.354,15232,0.55,
"Clay, FL",19374,0.506,8471,0.221,
"Collier, FL",15594,0.239,10555,0.162,
"Columbia, FL",1436,0.171,264,0.032,
"Dixie, FL",31,0.018000000000000002,459,0.451,
"Duval, FL",58632,0.672,26716,0.306,
"Escambia, FL",9318,0.34600000000000003,9684,0.5760000000000001,
"Franklin, FL",629,0.516,249,0.204,
"Gadsden, FL",742,0.312,462,0.19399999999999998,
"Gilchrist, FL",384,0.121,79,0.025,
"Glades, FL",38,0.036000000000000004,387,0.499,
"Gulf, FL",568,0.474,520,0.434,
"Hamilton, FL",479,0.34600000000000003,1113,0.513,
"Hendry, FL",1290,0.488,645,0.244,
"Hernando, FL",4743,0.172,4738,0.172,
"Highlands, FL",3055,0.204,780,0.052000000000000005,
"Hillsborough, FL",9147,0.07,68936,0.628,
"Holmes, FL",619,0.517,339,0.28300000000000003,
"Indian River, FL",3926,0.355,2486,0.49200000000000005,
"Jefferson, FL",676,0.435,537,0.345,
"Lafayette, FL",297,0.278,175,0.16399999999999998,
"Lake, FL",10607,0.19699999999999998,2916,0.054000000000000006,
"Lee, FL",8619,0.079,27940,0.627,
"Leon, FL",27333,0.565,19866,0.41100000000000003,
"Levy, FL",1354,0.431,160,0.444,
"Madison, FL",795,0.49,472,0.29100000000000004,
"Manatee, FL",13462,0.24100000000000002,9409,0.16899999999999998,
"Marion, FL",9871,0.17300000000000001,3283,0.057,
"Martin, FL",3584,0.114,6523,0.598,
"Miami-Dade, FL",129467,0.747,42009,0.243,
"Monroe, FL",3739,0.428,9192,0.512,
"Okeechobee, FL",2202,0.585,731,0.19399999999999998,
"Orange, FL",31850,0.308,19378,0.188,
"Osceola, FL",4191,0.19,923,0.042,
"Palm Beach, FL",11937,0.094,103369,0.715,
"Pasco, FL",21760,0.583,14493,0.389,
"Pinellas, FL",39742,0.376,33187,0.449,
"Putnam, FL",5119,0.573,1672,0.187,
"Santa Rosa, FL",7913,0.22899999999999998,7483,0.217,
"Sarasota, FL",10097,0.138,8100,0.111,
"Seminole, FL",4343,0.07,22069,0.583,
"Sumter, FL",7022,0.6809999999999999,3022,0.293,
"Suwannee, FL",1475,0.42200000000000004,1203,0.535,
"Union, FL",719,0.523,370,0.26899999999999996,
"Volusia, FL",13493,0.21100000000000002,9915,0.155,
"Wakulla, FL",586,0.152,190,0.049,
"Walton, FL",877,0.068,1515,0.5,
"Washington, FL",858,0.47100000000000003,781,0.429,
"Appling, GA",490,0.7559999999999999,142,0.21899999999999997,
"Atkinson, GA",201,0.7979999999999999,49,0.19399999999999998,
"Bacon, GA",113,0.638,58,0.32799999999999996,
"Baker, GA",303,0.851,48,0.135,
"Baldwin, GA",3034,0.794,762,0.19899999999999998,
"Banks, GA",172,0.49,169,0.48100000000000004,
"Barrow, GA",1457,0.617,879,0.37200000000000005,
"Bartow, GA",2216,0.59,1490,0.397,
"Ben Hill, GA",779,0.802,179,0.184,
"Berrien, GA",325,0.667,146,0.3,
"Bibb, GA",12944,0.828,2632,0.168,
"Bleckley, GA",370,0.777,98,0.20600000000000002,
"Brantley, GA",137,0.491,123,0.441,
"Brooks, GA",714,0.7759999999999999,198,0.215,
"Bryan, GA",893,0.633,501,0.355,
"Bulloch, GA",1910,0.607,1221,0.38799999999999996,
"Burke, GA",1659,0.895,184,0.099,
"Butts, GA",922,0.8170000000000001,191,0.16899999999999998,
"Calhoun, GA",499,0.889,61,0.109,
"Camden, GA",1405,0.6659999999999999,688,0.326,
"Candler, GA",434,0.7829999999999999,110,0.19899999999999998,
"Carroll, GA",3173,0.617,1933,0.376,
"Catoosa, GA",1082,0.508,1026,0.48100000000000004,
"Charlton, GA",275,0.737,84,0.225,
"Chatham, GA",19898,0.723,7496,0.272,
"Chattahoochee, GA",182,0.813,40,0.179,
"Chattooga, GA",566,0.637,302,0.34,
"Cherokee, GA",4837,0.518,4438,0.47600000000000003,
"Clarke, GA",7089,0.507,6845,0.49,
"Clay, GA",297,0.858,44,0.127,
"Clayton, GA",25130,0.816,5551,0.18,
"Clinch, GA",167,0.795,38,0.18100000000000002,
"Cobb, GA",39277,0.635,22390,0.36200000000000004,
"Coffee, GA",1094,0.77,309,0.217,
"Colquitt, GA",1035,0.7609999999999999,302,0.222,
"Columbia, GA",4805,0.669,2333,0.325,
"Cook, GA",580,0.762,171,0.225,
"Coweta, GA",4536,0.665,2233,0.327,
"Crawford, GA",493,0.7909999999999999,120,0.193,
"Crisp, GA",729,0.8009999999999999,172,0.18899999999999997,
"Dade, GA",241,0.503,230,0.48,
"Dawson, GA",312,0.53,268,0.455,
"Decatur, GA",1316,0.79,333,0.2,
"Dodge, GA",579,0.795,141,0.19399999999999998,
"Dooly, GA",737,0.884,91,0.109,
"Dougherty, GA",8891,0.857,1435,0.138,
"Douglas, GA",9375,0.746,3139,0.25,
"Early, GA",671,0.892,76,0.10099999999999999,
"Echols, GA",36,0.514,32,0.457,
"Effingham, GA",1178,0.645,620,0.33899999999999997,
"Elbert, GA",805,0.75,257,0.24,
"Emanuel, GA",755,0.831,144,0.159,
"Evans, GA",347,0.785,85,0.192,
"Fannin, GA",545,0.599,356,0.391,
"Fayette, GA",7257,0.711,2918,0.28600000000000003,
"Floyd, GA",2555,0.645,1356,0.342,
"Forsyth, GA",3701,0.5379999999999999,3142,0.457,
"Franklin, GA",352,0.627,203,0.36200000000000004,
"Fulton, GA",82576,0.711,33320,0.287,
"Gilmer, GA",489,0.53,421,0.457,
"Glascock, GA",38,0.623,19,0.311,
"Glynn, GA",2870,0.687,1277,0.306,
"Gordon, GA",776,0.575,553,0.41,
"Grady, GA",887,0.759,261,0.223,
"Greene, GA",1076,0.858,169,0.135,
"Gwinnett, GA",37465,0.662,18883,0.33399999999999996,
"Habersham, GA",608,0.52,553,0.473,
"Hall, GA",3482,0.603,2245,0.389,
"Hancock, GA",1112,0.8740000000000001,145,0.114,
"Haralson, GA",413,0.551,311,0.415,
"Harris, GA",1372,0.75,448,0.245,
"Hart, GA",740,0.723,276,0.27,
"Heard, GA",276,0.701,111,0.282,
"Henry, GA",15639,0.777,4406,0.21899999999999997,
"Houston, GA",6274,0.76,1946,0.23600000000000002,
"Irwin, GA",326,0.799,74,0.18100000000000002,
"Jackson, GA",1193,0.614,729,0.375,
"Jasper, GA",632,0.8140000000000001,133,0.171,
"Jeff Davis, GA",400,0.7659999999999999,106,0.203,
"Jefferson, GA",1519,0.885,189,0.11,
"Jenkins, GA",355,0.841,64,0.152,
"Johnson, GA",388,0.851,64,0.14,
"Jones, GA",1585,0.802,371,0.188,
"Lamar, GA",868,0.799,208,0.191,
"Lanier, GA",234,0.765,69,0.225,
"Laurens, GA",2294,0.8220000000000001,453,0.162,
"Lee, GA",1009,0.742,335,0.24600000000000002,
"Liberty, GA",2783,0.797,678,0.19399999999999998,
"Lincoln, GA",538,0.845,93,0.146,
"Long, GA",261,0.685,111,0.29100000000000004,
"Lowndes, GA",3891,0.68,1791,0.313,
"Lumpkin, GA",560,0.506,532,0.48100000000000004,
"Macon, GA",977,0.899,105,0.09699999999999999,
"Madison, GA",656,0.557,505,0.429,
"Marion, GA",431,0.763,120,0.212,
"McDuffie, GA",1274,0.847,223,0.14800000000000002,
"McIntosh, GA",863,0.8440000000000001,149,0.146,
"Meriwether, GA",1463,0.8540000000000001,237,0.138,
"Miller, GA",159,0.7759999999999999,37,0.18,
"Mitchell, GA",1338,0.858,203,0.13,
"Monroe, GA",1250,0.8009999999999999,300,0.192,
"Montgomery, GA",287,0.782,72,0.196,
"Morgan, GA",910,0.775,259,0.221,
"Murray, GA",444,0.512,407,0.469,
"Muscogee, GA",12801,0.7909999999999999,3319,0.205,
"Newton, GA",7269,0.78,2001,0.215,
"Oconee, GA",1223,0.525,1098,0.47100000000000003,
"Oglethorpe, GA",561,0.605,358,0.386,
"Paulding, GA",4095,0.6559999999999999,2111,0.33799999999999997,
"Peach, GA",1675,0.8370000000000001,316,0.158,
"Pickens, GA",431,0.531,370,0.456,
"Pierce, GA",219,0.67,104,0.318,
"Pike, GA",417,0.684,187,0.307,
"Polk, GA",944,0.6859999999999999,403,0.293,
"Pulaski, GA",376,0.86,60,0.13699999999999998,
"Putnam, GA",871,0.802,206,0.19,
"Quitman, GA",193,0.91,15,0.071,
"Rabun, GA",397,0.541,326,0.444,
"Randolph, GA",690,0.895,71,0.092,
"Richmond, GA",16269,0.8170000000000001,3578,0.18,
"Rockdale, GA",7930,0.78,2212,0.218,
"Schley, GA",146,0.8340000000000001,25,0.14300000000000002,
"Screven, GA",771,0.8109999999999999,166,0.175,
"Seminole, GA",470,0.8440000000000001,81,0.145,
"Spalding, GA",3129,0.7859999999999999,820,0.20600000000000002,
"Stephens, GA",460,0.607,284,0.375,
"Stewart, GA",460,0.9,46,0.09,
"Sumter, GA",1960,0.8240000000000001,404,0.17,
"Talbot, GA",852,0.867,120,0.122,
"Taliaferro, GA",236,0.8640000000000001,35,0.128,
"Tattnall, GA",518,0.7609999999999999,153,0.225,
"Taylor, GA",476,0.877,62,0.114,
"Telfair, GA",426,0.8109999999999999,91,0.17300000000000001,
"Terrell, GA",804,0.8809999999999999,105,0.115,
"Thomas, GA",2053,0.782,551,0.21,
"Tift, GA",1151,0.759,344,0.22699999999999998,
"Toombs, GA",562,0.762,166,0.225,
"Towns, GA",312,0.529,266,0.451,
"Treutlen, GA",300,0.8220000000000001,58,0.159,
"Troup, GA",3357,0.789,850,0.2,
"Turner, GA",330,0.789,81,0.19399999999999998,
"Twiggs, GA",818,0.8640000000000001,118,0.125,
"Union, GA",573,0.563,417,0.41,
"Upson, GA",1236,0.8079999999999999,280,0.183,
"Walker, GA",1009,0.53,867,0.455,
"Walton, GA",2309,0.6990000000000001,969,0.294,
"Ware, GA",919,0.75,284,0.23199999999999998,
"Warren, GA",468,0.895,49,0.094,
"Washington, GA",1741,0.8640000000000001,256,0.127,
"Wayne, GA",700,0.732,236,0.247,
"Webster, GA",170,0.895,18,0.095,
"Wheeler, GA",177,0.8590000000000001,26,0.126,
"White, GA",498,0.524,440,0.46299999999999997,
"Whitfield, GA",1536,0.5329999999999999,1307,0.45399999999999996,
"Wilcox, GA",302,0.868,41,0.11800000000000001,
"Wilkes, GA",702,0.821,141,0.165,
"Wilkinson, GA",832,0.833,155,0.155,
"Worth, GA",684,0.794,166,0.193,
"Ada, ID",1663,0.182,354,0.431,
"Bannock, ID",4404,0.495,2017,0.22699999999999998,
"Bear Lake, ID",363,0.24100000000000002,330,0.21899999999999997,
"Benewah, ID",87,0.067,80,0.061,
"Bingham, ID",304,0.044000000000000004,181,0.764,
"Blaine, ID",539,0.6829999999999999,249,0.316,
"Boise, ID",36,0.321,3132,0.457,
"Bonneville, ID",7794,0.461,4901,0.29,
"Boundary, ID",788,0.396,131,0.066,
"Butte, ID",117,0.204,30,0.052000000000000005,
"Camas, ID",38,0.122,11,0.579,
"Canyon, ID",1312,0.818,278,0.17300000000000001,
"Caribou, ID",3,0.3,2095,0.47,
"Clark, ID",62,0.35200000000000004,56,0.318,
"Clearwater, ID",477,0.341,149,0.106,
"Custer, ID",174,0.16899999999999998,91,0.08800000000000001,
"Elmore, ID",209,0.07400000000000001,156,0.664,
"Franklin, ID",36,0.581,25,0.40299999999999997,
"Fremont, ID",5,0.172,1391,0.43200000000000005,
"Gooding, ID",863,0.444,679,0.349,
"Jefferson, ID",1323,0.237,853,0.153,
"Jerome, ID",231,0.096,185,0.077,
"Kootenai, ID",1528,0.068,1561,0.759,
"Latah, ID",1612,0.8390000000000001,310,0.161,
"Lemhi, ID",17,0.18100000000000002,286,0.38799999999999996,
"Lincoln, ID",276,0.41600000000000004,241,0.363,
"Madison, ID",1925,0.271,539,0.076,
"Minidoka, ID",376,0.15,137,0.055,
"Nez Perce, ID",323,0.08199999999999999,383,0.7070000000000001,
"Oneida, ID",6,0.545,5,0.455,
"Owyhee, ID",22,0.355,1364,0.406,
"Power, ID",421,0.479,184,0.21,
"Shoshone, ID",591,0.38799999999999996,146,0.096,
"Teton, ID",196,0.19,101,0.098,
"Twin Falls, ID",661,0.069,522,0.722,
"Valley, ID",198,0.731,73,0.26899999999999996,
"Washington, ID",35,0.321,5233,0.40700000000000003,
"Alexander, IL",282,0.524,211,0.392,
"Bond, IL",1032,0.386,271,0.10099999999999999,
"Boone, IL",1597,0.165,721,0.07400000000000001,
"Brown, IL",47,0.048,160,0.49200000000000005,
"Bureau, IL",1852,0.542,1518,0.445,
"Calhoun, IL",446,0.45,1268,0.364,
"Cass, IL",680,0.42700000000000005,559,0.35100000000000003,
"Champaign, IL",7645,0.293,5126,0.196,
"Christian, IL",606,0.11199999999999999,295,0.054000000000000006,
"Clark, IL",267,0.07400000000000001,664,0.53,
"Clay, IL",439,0.521,378,0.449,
"Clinton, IL",906,0.41200000000000003,3156,0.37200000000000005,
"Crawford, IL",1508,0.41700000000000004,1238,0.342,
"Cumberland, IL",1081,0.40299999999999997,228,0.085,
"Douglas, IL",496,0.121,290,0.071,
"Edgar, IL",283,0.076,468,0.49700000000000005,
"Edwards, IL",148,0.498,143,0.48100000000000004,
"Effingham, IL",867,0.40299999999999997,1933,0.483,
"Ford, IL",1281,0.37799999999999995,1244,0.36700000000000005,
"Franklin, IL",1928,0.32899999999999996,387,0.066,
"Fulton, IL",650,0.142,248,0.054000000000000006,
"Gallatin, IL",27,0.048,663,0.504,
"Greene, IL",530,0.494,503,0.469,
"Grundy, IL",2051,0.395,766,0.46399999999999997,
"Hancock, IL",1494,0.43,1227,0.353,
"Hardin, IL",319,0.33899999999999997,54,0.057,
"Henderson, IL",182,0.15,76,0.063,
"Henry, IL",751,0.08800000000000001,2156,0.507,
"Iroquois, IL",875,0.606,542,0.375,
"Jackson, IL",2826,0.376,928,0.424,
"Jefferson, IL",3281,0.45899999999999996,2575,0.36,
"Jersey, IL",1449,0.36200000000000004,320,0.08,
"Johnson, IL",252,0.08,169,0.054000000000000006,
"Kane, IL",5946,0.099,31085,0.562,
"Kankakee, IL",5751,0.536,4898,0.457,
"Kendall, IL",5283,0.41200000000000003,2429,0.364,
"Lake, IL",30697,0.361,23053,0.271,
"Lawrence, IL",752,0.28300000000000003,303,0.114,
"Lee, IL",1259,0.203,416,0.067,
"Livingston, IL",657,0.079,971,0.555,
"Logan, IL",972,0.564,737,0.428,
"Macon, IL",4990,0.452,3527,0.478,
"Madison, IL",15588,0.43200000000000005,13259,0.36700000000000005,
"Marion, IL",2184,0.361,511,0.085,
"Marshall, IL",407,0.146,173,0.062,
"Mason, IL",154,0.071,680,0.49200000000000005,
"Massac, IL",539,0.513,492,0.469,
"McDonough, IL",1052,0.414,16514,0.409,
"McLean, IL",13085,0.41600000000000004,8653,0.275,
"Menard, IL",986,0.35100000000000003,495,0.17600000000000002,
"Mercer, IL",412,0.153,196,0.073,
"Monroe, IL",639,0.084,1775,0.546,
"Montgomery, IL",1266,0.493,1241,0.483,
"Morgan, IL",917,0.41200000000000003,1321,0.489,
"Ogle, IL",4307,0.386,4029,0.361,
"Peoria, IL",7583,0.299,5050,0.19899999999999998,
"Perry, IL",274,0.086,200,0.063,
"Piatt, IL",422,0.091,1016,0.555,
"Pike, IL",495,0.508,451,0.46299999999999997,
"Pope, IL",109,0.37200000000000005,436,0.528,
"Putnam, IL",415,0.48700000000000004,244,0.28600000000000003,
"Randolph, IL",1545,0.377,314,0.077,
"Richland, IL",411,0.135,166,0.055,
"Rock Island, IL",1334,0.09300000000000001,10216,0.516,
"Saline, IL",1150,0.507,1042,0.45899999999999996,
"Sangamon, IL",9255,0.469,697,0.444,
"Scott, IL",510,0.452,378,0.335,
"Shelby, IL",1936,0.39899999999999997,467,0.096,
"Stark, IL",214,0.183,73,0.063,
"Stephenson, IL",689,0.081,1953,0.502,
"Tazewell, IL",7154,0.545,5867,0.447,
"Union, IL",921,0.433,5021,0.446,
"Wabash, IL",977,0.424,772,0.335,
"Warren, IL",985,0.32299999999999995,692,0.22699999999999998,
"Washington, IL",362,0.111,215,0.066,
"Wayne, IL",193,0.046,360,0.541,
"White, IL",565,0.49,530,0.46,
"Whiteside, IL",2895,0.48,38507,0.46399999999999997,
"Williamson, IL",4929,0.45399999999999996,4009,0.369,
"Winnebago, IL",13421,0.35200000000000004,5893,0.154,
"Woodford, IL",1648,0.156,777,0.07400000000000001,
"Adair, IA",61,0.15,16,0.039,
"Adair, IA",2,0.005,168,0.56,
"Adams, IA",47,0.172,30,0.11,
"Adams, IA",1,0.004,1,0.004,
"Allamakee, IA",183,0.266,131,0.191,
"Allamakee, IA",6,0.009000000000000001,4,0.006,
"Appanoose, IA",292,0.348,269,0.32,
"Appanoose, IA",9,0.011000000000000001,4,0.005,
"Appanoose, IA",0,0.0,135,0.361,
"Audubon, IA",10,0.027000000000000003,5,0.013000000000000001,
"Audubon, IA",0,0.0,0,0.0,
"Benton, IA",35,0.021,34,0.021,
"Benton, IA",528,0.44,0,0.0,
"Black Hawk, IA",357,0.06,178,0.03,
"Black Hawk, IA",3647,0.529,3220,0.467,
"Boone, IA",177,0.10099999999999999,96,0.055,
"Boone, IA",7,0.004,715,0.55,
"Bremer, IA",347,0.233,134,0.09,
"Bremer, IA",19,0.013000000000000001,16,0.011000000000000001,
"Buchanan, IA",217,0.259,110,0.131,
"Buchanan, IA",14,0.017,6,0.006999999999999999,
"Buena Vista, IA",309,0.306,251,0.249,
"Buena Vista, IA",20,0.02,18,0.018000000000000002,
"Buena Vista, IA",0,0.0,332,0.365,
"Butler, IA",21,0.023,18,0.02,
"Butler, IA",0,0.0,0,0.0,
"Calhoun, IA",20,0.036000000000000004,19,0.034,
"Calhoun, IA",200,0.5,0,0.0,
"Carroll, IA",60,0.057999999999999996,44,0.043,
"Carroll, IA",504,0.63,296,0.37,
"Cass, IA",142,0.154,34,0.037000000000000005,
"Cass, IA",9,0.01,300,0.6,
"Cedar, IA",240,0.22399999999999998,100,0.09300000000000001,
"Cedar, IA",9,0.008,6,0.006,
"Cerro Gordo, IA",597,0.257,446,0.192,
"Cerro Gordo, IA",39,0.017,29,0.012,
"Cherokee, IA",248,0.29600000000000004,243,0.29,
"Cherokee, IA",11,0.013000000000000001,5,0.006,
"Cherokee, IA",0,0.0,166,0.276,
"Chickasaw, IA",11,0.018000000000000002,6,0.01,
"Chickasaw, IA",6,0.01,0,0.0,
"Clarke, IA",12,0.022000000000000002,9,0.016,
"Clarke, IA",168,0.42,0,0.0,
"Clay, IA",31,0.03,28,0.027000000000000003,
"Clay, IA",303,0.506,296,0.494,
"Clayton, IA",67,0.079,29,0.034,
"Clayton, IA",5,0.006,408,0.51,
"Clinton, IA",459,0.19899999999999998,159,0.069,
"Clinton, IA",15,0.006999999999999999,6,0.003,
"Crawford, IA",214,0.306,114,0.163,
"Crawford, IA",8,0.011000000000000001,7,0.01,
"Dallas, IA",2469,0.33899999999999997,1691,0.23199999999999998,
"Dallas, IA",167,0.023,133,0.018000000000000002,
"Dallas, IA",0,0.0,205,0.386,
"Davis, IA",10,0.019,8,0.015,
"Davis, IA",0,0.0,0,0.0,
"Decatur, IA",6,0.012,5,0.01,
"Decatur, IA",141,0.47200000000000003,4,0.013000000000000001,
"Delaware, IA",52,0.057999999999999996,27,0.03,
"Delaware, IA",440,0.55,344,0.43,
"Des Moines, IA",212,0.098,99,0.046,
"Des Moines, IA",6,0.003,1066,0.5329999999999999,
"Dickinson, IA",260,0.21600000000000003,159,0.132,
"Dickinson, IA",12,0.01,8,0.006999999999999999,
"Dubuque, IA",1060,0.267,824,0.207,
"Dubuque, IA",54,0.013999999999999999,48,0.012,
"Emmet, IA",143,0.355,122,0.303,
"Emmet, IA",5,0.012,4,0.01,
"Emmet, IA",0,0.0,341,0.341,
"Fayette, IA",18,0.018000000000000002,17,0.017,
"Fayette, IA",5,0.005,0,0.0,
"Floyd, IA",10,0.013000000000000001,9,0.012,
"Floyd, IA",346,0.433,0,0.0,
"Franklin, IA",23,0.037000000000000005,23,0.037000000000000005,
"Franklin, IA",226,0.568,168,0.42200000000000004,
"Fremont, IA",40,0.094,11,0.026000000000000002,
"Fremont, IA",0,0.0,135,0.5,
"Greene, IA",77,0.141,62,0.114,
"Greene, IA",6,0.011000000000000001,2,0.004,
"Grundy, IA",261,0.276,198,0.209,
"Grundy, IA",10,0.011000000000000001,8,0.008,
"Guthrie, IA",218,0.289,208,0.276,
"Guthrie, IA",16,0.021,9,0.012,
"Guthrie, IA",0,0.0,277,0.289,
"Hamilton, IA",21,0.022000000000000002,20,0.021,
"Hamilton, IA",0,0.0,0,0.0,
"Hancock, IA",21,0.025,19,0.022000000000000002,
"Hancock, IA",152,0.38799999999999996,0,0.0,
"Hardin, IA",45,0.035,33,0.026000000000000002,
"Hardin, IA",403,0.5770000000000001,296,0.423,
"Harrison, IA",112,0.11,24,0.024,
"Harrison, IA",5,0.005,273,0.547,
"Henry, IA",228,0.188,189,0.156,
"Henry, IA",12,0.01,7,0.006,
"Howard, IA",106,0.289,89,0.243,
"Howard, IA",2,0.005,0,0.0,
"Humboldt, IA",204,0.337,168,0.278,
"Humboldt, IA",9,0.015,9,0.015,
"Humboldt, IA",0,0.0,136,0.258,
"Ida, IA",8,0.015,8,0.015,
"Ida, IA",0,0.0,0,0.0,
"Iowa, IA",33,0.032,25,0.024,
"Iowa, IA",343,0.49,0,0.0,
"Jackson, IA",34,0.037000000000000005,26,0.027999999999999997,
"Jackson, IA",450,0.5,414,0.46,
"Jasper, IA",207,0.08900000000000001,100,0.043,
"Jasper, IA",12,0.005,927,0.515,
"Jefferson, IA",104,0.122,67,0.079,
"Jefferson, IA",11,0.013000000000000001,7,0.008,
"Johnson, IA",1413,0.196,1394,0.193,
"Johnson, IA",171,0.024,75,0.01,
"Jones, IA",363,0.35100000000000003,258,0.25,
"Jones, IA",21,0.02,14,0.013999999999999999,
"Jones, IA",0,0.0,220,0.313,
"Keokuk, IA",13,0.019,11,0.016,
"Keokuk, IA",10,0.025,0,0.0,
"Kossuth, IA",18,0.019,15,0.016,
"Kossuth, IA",213,0.36,13,0.022000000000000002,
"Lee, IA",51,0.039,36,0.027000000000000003,
"Lee, IA",929,0.547,770,0.45299999999999996,
"Linn, IA",1072,0.092,699,0.06,
"Linn, IA",56,0.005,6331,0.523,
"Louisa, IA",76,0.105,44,0.061,
"Louisa, IA",4,0.006,1,0.001,
"Lucas, IA",159,0.27,79,0.134,
"Lucas, IA",5,0.008,3,0.005,
"Lyon, IA",432,0.39,229,0.207,
"Lyon, IA",10,0.009000000000000001,6,0.005,
"Lyon, IA",0,0.0,452,0.335,
"Madison, IA",22,0.016,21,0.016,
"Madison, IA",0,0.0,0,0.0,
"Mahaska, IA",69,0.035,49,0.025,
"Mahaska, IA",306,0.43799999999999994,0,0.0,
"Marion, IA",123,0.043,74,0.026000000000000002,
"Marion, IA",650,0.5,624,0.48,
"Marshall, IA",226,0.09699999999999999,75,0.032,
"Marshall, IA",27,0.012,960,0.534,
"Mills, IA",244,0.218,182,0.162,
"Mills, IA",10,0.009000000000000001,7,0.006,
"Mitchell, IA",114,0.242,61,0.13,
"Mitchell, IA",4,0.008,3,0.006,
"Monona, IA",185,0.361,156,0.305,
"Monona, IA",6,0.012,2,0.004,
"Monona, IA",0,0.0,195,0.36,
"Monroe, IA",4,0.006999999999999999,4,0.006999999999999999,
"Monroe, IA",36,0.121,0,0.0,
"Montgomery, IA",27,0.047,26,0.046,
"Montgomery, IA",108,0.36,0,0.0,
"Muscatine, IA",110,0.046,53,0.022000000000000002,
"Muscatine, IA",972,0.54,828,0.46,
"Osceola, IA",42,0.128,13,0.04,
"Osceola, IA",1,0.003,56,0.5660000000000001,
"Page, IA",157,0.18,156,0.179,
"Page, IA",7,0.008,4,0.005,
"Palo Alto, IA",110,0.255,94,0.218,
"Palo Alto, IA",6,0.013999999999999999,5,0.012,
"Plymouth, IA",618,0.32799999999999996,530,0.281,
"Plymouth, IA",22,0.012,19,0.01,
"Plymouth, IA",0,0.0,187,0.387,
"Pocahontas, IA",9,0.019,5,0.01,
"Pocahontas, IA",12,0.04,0,0.0,
"Polk, IA",1405,0.045,773,0.025,
"Polk, IA",10526,0.462,152,0.006999999999999999,
"Pottawattamie, IA",156,0.036000000000000004,127,0.028999999999999998,
"Pottawattamie, IA",1573,0.508,1519,0.49,
"Poweshiek, IA",76,0.077,63,0.064,
"Poweshiek, IA",7,0.006999999999999999,475,0.528,
"Ringgold, IA",52,0.157,50,0.151,
"Ringgold, IA",1,0.003,0,0.0,
"Sac, IA",187,0.28,81,0.121,
"Sac, IA",12,0.018000000000000002,7,0.01,
"Scott, IA",2553,0.262,2465,0.253,
"Scott, IA",219,0.022000000000000002,178,0.018000000000000002,
"Scott, IA",0,0.0,207,0.278,
"Shelby, IA",18,0.024,10,0.013000000000000001,
"Shelby, IA",0,0.0,0,0.0,
"Sioux, IA",77,0.017,76,0.017,
"Sioux, IA",192,0.48100000000000004,5,0.013000000000000001,
"Story, IA",629,0.083,212,0.027999999999999997,
"Story, IA",2737,0.595,1862,0.405,
"Tama, IA",83,0.084,33,0.034,
"Tama, IA",10,0.01,476,0.529,
"Taylor, IA",63,0.166,52,0.13699999999999998,
"Taylor, IA",5,0.013000000000000001,3,0.008,
"Union, IA",194,0.276,135,0.192,
"Union, IA",7,0.01,7,0.01,
"Van Buren, IA",196,0.368,151,0.28300000000000003,
"Van Buren, IA",3,0.006,1,0.002,
"Van Buren, IA",0,0.0,592,0.355,
"Wapello, IA",24,0.013999999999999999,21,0.013000000000000001,
"Wapello, IA",7,0.005,0,0.0,
"Warren, IA",95,0.025,76,0.02,
"Warren, IA",953,0.433,29,0.013000000000000001,
"Washington, IA",104,0.067,63,0.040999999999999995,
"Washington, IA",484,0.5379999999999999,415,0.462,
"Wayne, IA",36,0.086,15,0.036000000000000004,
"Wayne, IA",1,0.002,130,0.65,
"Webster, IA",286,0.18,120,0.075,
"Webster, IA",17,0.011000000000000001,12,0.008,
"Winnebago, IA",128,0.207,115,0.18600000000000003,
"Winnebago, IA",7,0.011000000000000001,4,0.006,
"Winneshiek, IA",274,0.262,251,0.24,
"Winneshiek, IA",26,0.025,23,0.022000000000000002,
"Winneshiek, IA",0,0.0,1600,0.317,
"Woodbury, IA",114,0.023,85,0.017,
"Woodbury, IA",15,0.004,0,0.0,
"Worth, IA",14,0.037000000000000005,11,0.028999999999999998,
"Worth, IA",181,0.45399999999999996,0,0.0,
"Wright, IA",16,0.027999999999999997,15,0.027000000000000003,
"Wright, IA",273,0.547,226,0.45299999999999996,
"Adair, KY",190,0.073,640,0.424,
"Anderson, KY",257,0.153,204,0.121,
"Barren, KY",800,0.34600000000000003,326,0.141,
"Bell, KY",692,0.542,287,0.225,
"Boone, KY",919,0.134,257,0.32,
"Boyd, KY",381,0.198,213,0.11,
"Bracken, KY",73,0.272,47,0.175,
"Breckinridge, KY",489,0.384,411,0.32299999999999995,
"Bullitt, KY",357,0.081,564,0.431,
"Caldwell, KY",70,0.125,63,0.113,
"Campbell, KY",1025,0.276,946,0.255,
"Carroll, KY",102,0.418,88,0.361,
"Carter, KY",140,0.10800000000000001,1029,0.5329999999999999,
"Christian, KY",321,0.17,185,0.098,
"Clay, KY",355,0.23199999999999998,146,0.095,
"Crittenden, KY",314,0.4,272,0.34600000000000003,
"Cumberland, KY",87,0.087,1739,0.369,
"Edmonson, KY",150,0.15,91,0.091,
"Estill, KY",159,0.244,88,0.135,
"Fleming, KY",329,0.423,244,0.314,
"Floyd, KY",65,0.11199999999999999,699,0.33399999999999996,
"Fulton, KY",20,0.127,14,0.08900000000000001,
"Garrard, KY",457,0.33399999999999996,178,0.13,
"Graves, KY",671,0.496,407,0.301,
"Grayson, KY",214,0.113,655,0.486,
"Greenup, KY",245,0.16399999999999998,131,0.08800000000000001,
"Hardin, KY",1616,0.331,889,0.182,
"Harrison, KY",265,0.376,250,0.355,
"Hart, KY",60,0.078,562,0.429,
"Henry, KY",101,0.129,65,0.083,
"Hopkins, KY",562,0.33899999999999997,301,0.182,
"Jefferson, KY",10211,0.301,9690,0.28600000000000003,
"Jessamine, KY",587,0.146,1075,0.54,
"Kenton, KY",1741,0.235,1095,0.14800000000000002,
"Knox, KY",542,0.231,262,0.11199999999999999,
"Laurel, KY",2313,0.46799999999999997,1283,0.26,
"Lawrence, KY",86,0.08900000000000001,273,0.5479999999999999,
"Leslie, KY",134,0.129,116,0.11199999999999999,
"Lewis, KY",298,0.25,194,0.163,
"Livingston, KY",142,0.449,118,0.373,
"Logan, KY",84,0.09699999999999999,151,0.345,
"Madison, KY",752,0.156,712,0.14800000000000002,
"Marion, KY",118,0.278,61,0.14400000000000002,
"Martin, KY",586,0.601,200,0.205,
"Mason, KY",78,0.115,1525,0.43,
"McCreary, KY",132,0.098,111,0.083,
"Meade, KY",413,0.302,175,0.128,
"Mercer, KY",527,0.384,488,0.35600000000000004,
"Metcalfe, KY",80,0.11199999999999999,805,0.593,
"Montgomery, KY",141,0.12300000000000001,134,0.11699999999999999,
"Muhlenberg, KY",314,0.34700000000000003,131,0.145,
"Nicholas, KY",59,0.40700000000000003,44,0.303,
"Ohio, KY",220,0.133,2011,0.321,
"Owen, KY",62,0.122,56,0.11,
"Pendleton, KY",264,0.369,129,0.18,
"Pike, KY",840,0.535,360,0.22899999999999998,
"Powell, KY",41,0.08199999999999999,2821,0.42,
"Robertson, KY",6,0.111,5,0.09300000000000001,
"Rowan, KY",317,0.348,134,0.147,
"Scott, KY",1061,0.354,912,0.304,
"Shelby, KY",456,0.139,245,0.408,
"Spencer, KY",246,0.147,155,0.09300000000000001,
"Todd, KY",98,0.36,33,0.121,
"Trimble, KY",94,0.44799999999999995,73,0.348,
"Union, KY",19,0.079,1855,0.336,
"Washington, KY",115,0.191,56,0.09300000000000001,
"Webster, KY",72,0.306,28,0.11900000000000001,
"Wolfe, KY",39,0.406,37,0.385,
"Woodford, KY",366,0.195,1694,0.445,
"Allen, LA",530,0.501,394,0.37200000000000005,
"Ascension, LA",3377,0.401,877,0.10400000000000001,
"Assumption, LA",79,0.106,35,0.047,
"Avoyelles, LA",63,0.04,1181,0.64,
"Beauregard, LA",679,0.535,391,0.308,
"Bienville, LA",222,0.162,4988,0.45399999999999996,
"Caddo, LA",7141,0.439,5631,0.34600000000000003,
"Calcasieu, LA",4288,0.353,1373,0.113,
"Caldwell, LA",45,0.069,22,0.034,
"Cameron, LA",18,0.039,132,0.401,
"Catahoula, LA",431,0.606,194,0.273,
"Claiborne, LA",158,0.157,733,0.48700000000000004,
"East Baton Rouge, LA",12358,0.413,10022,0.335,
"East Carroll, LA",78,0.305,21,0.08199999999999999,
"East Feliciana, LA",141,0.087,60,0.037000000000000005,
"Evangeline, LA",59,0.038,1319,0.631,
"Franklin, LA",650,0.655,218,0.22,
"Grant, LA",247,0.327,2157,0.444,
"Iberville, LA",830,0.491,546,0.32299999999999995,
"Jackson, LA",491,0.35100000000000003,117,0.084,
"Jefferson, LA",3939,0.134,2708,0.092,
"Lafayette, LA",1234,0.07,5920,0.597,
"Lafourche, LA",2512,0.505,1789,0.36,
"Lincoln, LA",436,0.19399999999999998,4918,0.445,
"Madison, LA",282,0.578,106,0.217,
"Morehouse, LA",569,0.35100000000000003,132,0.081,
"Natchitoches, LA",334,0.121,141,0.051,
"Orleans, LA",1577,0.175,40601,0.747,
"Ouachita, LA",8995,0.7859999999999999,1803,0.158,
"Plaquemines, LA",214,0.22699999999999998,472,0.447,
"Rapides, LA",3680,0.42200000000000004,3397,0.389,
"Red River, LA",220,0.36,49,0.08,
"Richland, LA",87,0.065,52,0.039,
"Sabine, LA",78,0.046,387,0.498,
"Tangipahoa, LA",4267,0.657,1656,0.255,
"Tensas, LA",61,0.10300000000000001,3454,0.502,
"Union, LA",812,0.444,766,0.419,
"Vermilion, LA",1151,0.371,282,0.091,
"Vernon, LA",228,0.08800000000000001,95,0.037000000000000005,
"Washington, LA",110,0.043,1663,0.693,
"Webster, LA",1878,0.748,436,0.174,
"West Baton Rouge, LA",589,0.19899999999999998,342,0.431,
"West Feliciana, LA",382,0.418,324,0.354,
"Winn, LA",357,0.386,96,0.10400000000000001,
"Franklin, ME",2,0.667,1,0.33299999999999996,
"Lincoln, ME",4,0.444,4,0.667,
"Washington, ME",2,0.667,1,0.33299999999999996,
"Barnstable, MA",585,0.085,203,0.028999999999999998,
"Essex, MA",130,0.19699999999999998,47,0.071,
"Franklin, MA",1020,0.233,878,0.2,
"Hampden, MA",437,0.49200000000000005,161,0.18100000000000002,
"Hampden, MA",15,0.021,484,0.494,
"Nantucket, MA",979,0.478,10,0.005,
"Norfolk, MA",956,0.5529999999999999,760,0.439,
"Plymouth, MA",196,0.024,4997,0.529,
"Worcester, MA",1113,0.128,277,0.032,
"Alcona, MI",340,0.159,138,0.064,
"Alger, MI",99,0.078,622,0.6,
"Allegan, MI",5545,0.603,3489,0.38,
"Alpena, MI",1102,0.44299999999999995,1969,0.40399999999999997,
"Arenac, MI",1141,0.513,472,0.212,
"Baraga, MI",239,0.22699999999999998,197,0.187,
"Barry, MI",2191,0.207,875,0.083,
"Bay, MI",1248,0.091,6363,0.493,
"Benzie, MI",1650,0.648,853,0.335,
"Berrien, MI",5952,0.47100000000000003,2455,0.405,
"Calhoun, MI",5800,0.364,4446,0.27899999999999997,
"Cass, MI",2470,0.33899999999999997,1048,0.14400000000000002,
"Charlevoix, MI",1182,0.23800000000000002,455,0.092,
"Cheboygan, MI",354,0.078,1318,0.556,
"Chippewa, MI",1789,0.58,1230,0.39899999999999997,
"Clare, MI",1090,0.45799999999999996,3777,0.29600000000000004,
"Crawford, MI",1108,0.49,470,0.20800000000000002,
"Delta, MI",1402,0.284,874,0.177,
"Dickinson, MI",876,0.2,352,0.08,
"Eaton, MI",1636,0.105,7007,0.556,
"Emmet, MI",2589,0.6409999999999999,1369,0.33899999999999997,
"Genesee, MI",28117,0.465,1774,0.455,
"Gogebic, MI",753,0.43799999999999994,399,0.23199999999999998,
"Grand Traverse, MI",4557,0.262,3925,0.225,
"Gratiot, MI",819,0.171,383,0.08,
"Hillsdale, MI",547,0.073,1380,0.5670000000000001,
"Houghton, MI",2039,0.64,1109,0.348,
"Huron, MI",1050,0.46,8056,0.292,
"Ionia, MI",2676,0.327,2630,0.321,
"Iosco, MI",676,0.179,608,0.161,
"Iron, MI",333,0.18100000000000002,103,0.055999999999999994,
"Isabella, MI",704,0.114,4024,0.657,
"Jackson, MI",6804,0.55,5288,0.42700000000000005,
"Kalamazoo, MI",12593,0.379,1724,0.503,
"Kent, MI",35185,0.35700000000000004,25562,0.259,
"Keweenaw, MI",105,0.24100000000000002,76,0.175,
"Lake, MI",237,0.149,99,0.062,
"Lapeer, MI",1160,0.071,4650,0.565,
"Leelanau, MI",2359,0.61,1459,0.377,
"Lenawee, MI",3455,0.43700000000000006,15359,0.39299999999999996,
"Luce, MI",407,0.43700000000000006,242,0.26,
"Mackinac, MI",439,0.222,416,0.21,
"Macomb, MI",19988,0.16,10206,0.08199999999999999,
"Manistee, MI",280,0.075,1646,0.5820000000000001,
"Marquette, MI",5530,0.617,3188,0.35600000000000004,
"Mason, MI",1223,0.406,2113,0.369,
"Menominee, MI",1304,0.457,707,0.248,
"Midland, MI",3909,0.278,3366,0.239,
"Missaukee, MI",537,0.17300000000000001,254,0.08199999999999999,
"Monroe, MI",1413,0.065,6842,0.48100000000000004,
"Montcalm, MI",2762,0.605,1681,0.368,
"Montmorency, MI",383,0.47600000000000003,6478,0.345,
"Newaygo, MI",3557,0.409,2660,0.306,
"Oakland, MI",61053,0.319,33634,0.17600000000000002,
"Oceana, MI",924,0.205,331,0.073,
"Ogemaw, MI",222,0.07,926,0.49700000000000005,
"Ontonagon, MI",362,0.491,327,0.444,
"Osceola, MI",670,0.40399999999999997,705,0.47200000000000003,
"Otsego, MI",1933,0.45,1040,0.242,
"Ottawa, MI",14263,0.23800000000000002,11600,0.193,
"Presque Isle, MI",423,0.195,216,0.1,
"Roscommon, MI",409,0.091,1187,0.483,
"Saginaw, MI",12348,0.552,9619,0.43,
"Sanilac, MI",1160,0.42,529,0.474,
"Shiawassee, MI",3864,0.387,2745,0.275,
"Tuscola, MI",2668,0.302,1268,0.14300000000000002,
"Van Buren, MI",2092,0.223,932,0.099,
"Washtenaw, MI",4101,0.111,38063,0.5539999999999999,
"Wayne, MI",163886,0.6,104999,0.384,
"Wexford, MI",909,0.32899999999999996,1434,0.47600000000000003,
"Alcorn, MS",2901,0.504,2003,0.348,
"Amite, MS",848,0.374,129,0.057,
"Attala, MS",176,0.066,125,0.047,
"Benton, MS",31,0.03,557,0.852,
"Bolivar, MS",3029,0.8540000000000001,493,0.139,
"Calhoun, MS",120,0.136,1133,0.5479999999999999,
"Chickasaw, MS",1056,0.516,721,0.35200000000000004,
"Choctaw, MS",621,0.387,102,0.064,
"Claiborne, MS",16,0.071,7,0.031,
"Clarke, MS",116,0.040999999999999995,1044,0.863,
"Clay, MS",2372,0.86,351,0.127,
"Coahoma, MS",442,0.158,2026,0.5489999999999999,
"Covington, MS",1724,0.56,1090,0.354,
"Forrest, MS",3668,0.373,1159,0.11800000000000001,
"Franklin, MS",82,0.051,58,0.036000000000000004,
"George, MS",166,0.036000000000000004,349,0.721,
"Greene, MS",374,0.84,61,0.13699999999999998,
"Grenada, MS",245,0.129,4147,0.573,
"Harrison, MS",12555,0.507,7832,0.316,
"Hinds, MS",5775,0.32799999999999996,3177,0.18100000000000002,
"Holmes, MS",67,0.09300000000000001,27,0.037000000000000005,
"Humphreys, MS",48,0.06,2894,0.9420000000000001,
"Issaquena, MS",175,0.884,20,0.10099999999999999,
"Itawamba, MS",151,0.27699999999999997,9934,0.49,
"Jasper, MS",1286,0.562,821,0.359,
"Jefferson, MS",85,0.354,19,0.079,
"Jones, MS",454,0.038,304,0.025,
"Kemper, MS",42,0.045,1008,0.892,
"Lafayette, MS",2451,0.643,1336,0.35,
"Lamar, MS",544,0.27,4740,0.45299999999999996,
"Lawrence, MS",1201,0.5579999999999999,717,0.33299999999999996,
"Leake, MS",1010,0.37200000000000005,159,0.057999999999999996,
"Lee, MS",1244,0.091,727,0.053,
"Leflore, MS",69,0.044000000000000004,2094,0.904,
"Lincoln, MS",1817,0.851,309,0.145,
"Lowndes, MS",846,0.17300000000000001,7540,0.42,
"Marion, MS",2454,0.522,1786,0.38,
"Marshall, MS",1679,0.44799999999999995,161,0.043,
"Monroe, MS",347,0.067,303,0.057999999999999996,
"Montgomery, MS",56,0.039,953,0.89,
"Neshoba, MS",929,0.7809999999999999,248,0.209,
"Newton, MS",182,0.152,282,0.47600000000000003,
"Oktibbeha, MS",1937,0.39299999999999996,1548,0.314,
"Panola, MS",1406,0.336,206,0.049,
"Pearl River, MS",476,0.052000000000000005,343,0.038,
"Perry, MS",23,0.017,401,0.8270000000000001,
"Pike, MS",2870,0.865,425,0.128,
"Pontotoc, MS",271,0.263,1597,0.47,
"Quitman, MS",210,0.529,128,0.322,
"Rankin, MS",10280,0.35100000000000003,3038,0.10400000000000001,
"Scott, MS",208,0.06,152,0.044000000000000004,
"Sharkey, MS",28,0.069,645,0.914,
"Simpson, MS",1855,0.853,294,0.135,
"Smith, MS",147,0.168,1428,0.446,
"Sunflower, MS",897,0.611,306,0.20800000000000002,
"Tallahatchie, MS",313,0.259,65,0.054000000000000006,
"Tate, MS",184,0.043,178,0.042,
"Tippah, MS",173,0.043,575,0.7490000000000001,
"Tishomingo, MS",361,0.613,197,0.33399999999999996,
"Tunica, MS",220,0.188,2169,0.433,
"Walthall, MS",1143,0.578,598,0.302,
"Warren, MS",1824,0.307,656,0.11,
"Washington, MS",321,0.131,112,0.046,
"Wayne, MS",98,0.028999999999999998,1441,0.838,
"Webster, MS",397,0.8190000000000001,79,0.163,
"Wilkinson, MS",69,0.051,1156,0.45899999999999996,
"Yalobusha, MS",1029,0.545,612,0.324,
"Yazoo, MS",842,0.305,206,0.075,
"Adair, MO",513,0.14800000000000002,299,0.086,
"Andrew, MO",221,0.063,728,0.584,
"Atchison, MO",173,0.546,141,0.445,
"Audrain, MO",728,0.48200000000000004,3189,0.45399999999999996,
"Barton, MO",1560,0.539,986,0.341,
"Bates, MO",1080,0.381,199,0.07,
"Benton, MO",287,0.07,138,0.034,
"Bollinger, MO",98,0.037000000000000005,242,0.5379999999999999,
"Boone, MO",15076,0.606,9628,0.387,
"Buchanan, MO",3443,0.445,3652,0.505,
"Caldwell, MO",780,0.43700000000000006,701,0.392,
"Callaway, MO",3141,0.41600000000000004,584,0.077,
"Camden, MO",846,0.085,473,0.047,
"Cape Girardeau, MO",694,0.044000000000000004,2335,0.524,
"Carroll, MO",255,0.507,233,0.46299999999999997,
"Carter, MO",138,0.486,7671,0.434,
"Cedar, MO",1404,0.445,1355,0.429,
"Chariton, MO",569,0.40399999999999997,132,0.094,
"Christian, MO",1181,0.059000000000000004,833,0.042,
"Clark, MO",51,0.043,202,0.514,
"Clay, MO",12542,0.537,10630,0.455,
"Clinton, MO",765,0.462,6159,0.418,
"Cooper, MO",1369,0.445,1248,0.405,
"Crawford, MO",1522,0.368,155,0.038,
"Dade, MO",112,0.055999999999999994,69,0.034,
"Dallas, MO",126,0.034,515,0.557,
"Daviess, MO",239,0.51,221,0.47100000000000003,
"Dent, MO",327,0.405,1657,0.528,
"Dunklin, MO",1781,0.5589999999999999,1037,0.326,
"Franklin, MO",8117,0.39799999999999996,1561,0.076,
"Gasconade, MO",203,0.065,141,0.045,
"Gentry, MO",69,0.064,176,0.494,
"Greene, MO",17403,0.611,10910,0.38299999999999995,
"Grundy, MO",219,0.446,755,0.465,
"Henry, MO",1636,0.445,1395,0.38,
"Hickory, MO",178,0.32899999999999996,30,0.055,
"Holt, MO",81,0.076,69,0.065,
"Howard, MO",78,0.045,413,0.488,
"Howell, MO",1209,0.584,833,0.402,
"Iron, MO",349,0.43799999999999994,28661,0.4,
"Jasper, MO",11113,0.537,6725,0.325,
"Jefferson, MO",13883,0.4,2005,0.057999999999999996,
"Johnson, MO",713,0.096,483,0.065,
"Knox, MO",32,0.045,134,0.568,
"LaClede, MO",927,0.5479999999999999,737,0.436,
"Lafayette, MO",1173,0.462,4235,0.512,
"Lewis, MO",801,0.499,601,0.374,
"Lincoln, MO",3730,0.423,413,0.047,
"Linn, MO",149,0.07,107,0.05,
"Livingston, MO",149,0.057999999999999996,398,0.486,
"Macon, MO",505,0.524,421,0.43700000000000006,
"Madison, MO",334,0.47600000000000003,958,0.503,
"Marion, MO",2263,0.446,2064,0.40700000000000003,
"McDonald, MO",1571,0.441,171,0.048,
"Mercer, MO",48,0.063,22,0.028999999999999998,
"Miller, MO",213,0.042,480,0.517,
"Mississippi, MO",486,0.672,209,0.289,
"Moniteau, MO",340,0.446,698,0.43200000000000005,
"Montgomery, MO",1192,0.495,898,0.373,
"Morgan, MO",1345,0.353,240,0.063,
"New Madrid, MO",119,0.048,90,0.036000000000000004,
"Newton, MO",500,0.040999999999999995,1553,0.55,
"Nodaway, MO",831,0.561,616,0.41600000000000004,
"Oregon, MO",271,0.45,1316,0.45,
"Ozark, MO",1099,0.502,841,0.384,
"Pemiscot, MO",630,0.312,98,0.048,
"Perry, MO",291,0.079,196,0.054000000000000006,
"Pettis, MO",454,0.062,1509,0.535,
"Phelps, MO",1744,0.589,1137,0.384,
"Pike, MO",475,0.41,5798,0.392,
"Polk, MO",3430,0.527,2240,0.344,
"Pulaski, MO",1872,0.341,392,0.071,
"Putnam, MO",98,0.092,49,0.046,
"Ralls, MO",90,0.044000000000000004,415,0.545,
"Randolph, MO",750,0.52,647,0.449,
"Ray, MO",942,0.48200000000000004,647,0.5870000000000001,
"Ripley, MO",1096,0.48,881,0.386,
"Saline, MO",1229,0.389,261,0.083,
"Schuyler, MO",53,0.071,18,0.024,
"Scotland, MO",25,0.031,134,0.547,
"Scott, MO",1067,0.55,834,0.43,
"Shannon, MO",291,0.465,579,0.424,
"Stoddard, MO",3024,0.52,2141,0.368,
"Stone, MO",3218,0.39299999999999996,589,0.07200000000000001,
"Sullivan, MO",82,0.08199999999999999,44,0.044000000000000004,
"Taney, MO",503,0.047,1373,0.529,
"Texas, MO",666,0.512,603,0.46299999999999997,
"Vernon, MO",490,0.478,2722,0.46,
"Washington, MO",1666,0.508,1329,0.406,
"Wayne, MO",874,0.345,135,0.053,
"Webster, MO",397,0.049,306,0.038,
"Worth, MO",29,0.061,76,0.535,
"Wright, MO",402,0.505,385,0.484,
"Arthur, NE",1,0.25,4,0.5710000000000001,
"Box Butte, NE",75,0.625,45,0.375,
"Buffalo, NE",208,0.308,54,0.563,
"Cedar, NE",23,0.535,20,0.465,
"Cheyenne, NE",28,0.389,35,0.745,
"Custer, NE",37,0.649,20,0.35100000000000003,
"Dawson, NE",39,0.312,3,0.6,
"Douglas, NE",6322,0.54,5387,0.46,
"Franklin, NE",9,0.45,9,0.643,
"Garden, NE",13,0.619,8,0.381,
"Grant, NE",0,0.0,11,0.55,
"Harlan, NE",13,0.52,12,0.48,
"Holt, NE",24,0.444,4,0.5710000000000001,
"Johnson, NE",29,0.547,24,0.45299999999999996,
"Keya Paha, NE",4,0.444,15,0.652,
"Lincoln, NE",201,0.525,182,0.475,
"Madison, NE",129,0.392,3,0.75,
"Nance, NE",14,0.56,11,0.44,
"Otoe, NE",76,0.42200000000000004,29,0.725,
"Pierce, NE",20,0.667,10,0.33299999999999996,
"Red Willow, NE",25,0.35200000000000004,36,0.563,
"Sarpy, NE",1620,0.596,1099,0.40399999999999997,
"Seward, NE",86,0.415,16,0.615,
"Stanton, NE",35,0.648,19,0.35200000000000004,
"Thurston, NE",24,0.47100000000000003,35,0.614,
"Webster, NE",16,0.667,8,0.33299999999999996,
"Carson City, NV",600,0.244,462,0.188,
"Churchill, NV",342,0.254,312,0.231,
"Clark, NV",10114,0.24600000000000002,7857,0.191,
"Douglas, NV",1251,0.271,1195,0.259,
"Elko, NV",600,0.253,503,0.212,
"Esmeralda, NV",9,0.122,8,0.10800000000000001,
"Eureka, NV",67,0.344,31,0.159,
"Humboldt, NV",189,0.21899999999999997,182,0.21100000000000002,
"Lander, NV",148,0.35700000000000004,72,0.17300000000000001,
"Lincoln, NV",82,0.28800000000000003,46,0.161,
"Lyon, NV",711,0.245,506,0.174,
"Mineral, NV",38,0.19899999999999998,37,0.19399999999999998,
"Nye, NV",408,0.235,220,0.127,
"Pershing, NV",82,0.28300000000000003,57,0.19699999999999998,
"Storey, NV",79,0.21100000000000002,70,0.187,
"Washoe, NV",3815,0.24600000000000002,3240,0.209,
"White Pine, NV",117,0.26899999999999996,98,0.225,
"Alamance, NC",6507,0.38299999999999995,1791,0.105,
"Alexander, NC",374,0.06,242,0.039,
"Alleghany, NC",99,0.062,571,0.44799999999999995,
"Anson, NC",2307,0.6609999999999999,914,0.262,
"Ashe, NC",1205,0.45899999999999996,1785,0.426,
"Beaufort, NC",3165,0.44299999999999995,2690,0.377,
"Bertie, NC",345,0.382,43,0.048,
"Bladen, NC",97,0.039,93,0.038,
"Brunswick, NC",1735,0.079,7192,0.601,
"Buncombe, NC",30913,0.621,17604,0.354,
"Burke, NC",3460,0.45399999999999996,11300,0.426,
"Caldwell, NC",5599,0.45399999999999996,4567,0.371,
"Camden, NC",428,0.295,140,0.09699999999999999,
"Carteret, NC",1492,0.109,834,0.061,
"Caswell, NC",83,0.040999999999999995,1701,0.598,
"Catawba, NC",5310,0.512,4561,0.44,
"Chatham, NC",5510,0.409,2843,0.504,
"Chowan, NC",694,0.435,576,0.361,
"Clay, NC",877,0.34700000000000003,201,0.08,
"Cleveland, NC",749,0.07200000000000001,531,0.051,
"Columbus, NC",149,0.042,3628,0.563,
"Craven, NC",5187,0.581,3184,0.35700000000000004,
"Cumberland, NC",11052,0.31,2650,0.501,
"Davidson, NC",10964,0.452,9369,0.386,
"Davie, NC",3359,0.359,1229,0.131,
"Duplin, NC",303,0.063,207,0.043,
"Durham, NC",1983,0.122,35845,0.575,
"Edgecombe, NC",6411,0.708,2058,0.22699999999999998,
"Forsyth, NC",16779,0.39799999999999996,3443,0.467,
"Gaston, NC",11528,0.45399999999999996,9336,0.368,
"Gates, NC",255,0.342,45,0.06,
"Graham, NC",101,0.062,99,0.061,
"Granville, NC",256,0.05,4693,0.588,
"Greene, NC",1643,0.5870000000000001,822,0.294,
"Guilford, NC",28204,0.41700000000000004,1274,0.515,
"Harnett, NC",4943,0.44299999999999995,4670,0.418,
"Haywood, NC",2960,0.381,877,0.113,
"Henderson, NC",3202,0.155,1759,0.085,
"Hertford, NC",42,0.057,2926,0.675,
"Hoke, NC",3528,0.597,1837,0.311,
"Hyde, NC",388,0.405,12861,0.462,
"Jackson, NC",1624,0.395,1434,0.349,
"Johnston, NC",10189,0.415,1559,0.064,
"Jones, NC",55,0.05,38,0.034,
"Lee, NC",387,0.068,3224,0.546,
"Lenoir, NC",4731,0.6409999999999999,1947,0.264,
"Lincoln, NC",2291,0.418,2870,0.449,
"Madison, NC",1003,0.414,970,0.4,
"Martin, NC",793,0.424,92,0.049,
"McDowell, NC",537,0.087,444,0.07200000000000001,
"Mecklenburg, NC",10598,0.121,71265,0.603,
"Mitchell, NC",450,0.579,314,0.40399999999999997,
"Montgomery, NC",885,0.355,7347,0.40700000000000003,
"Nash, NC",4578,0.428,4379,0.41,
"New Hanover, NC",7144,0.251,5150,0.18100000000000002,
"Northampton, NC",60,0.057999999999999996,51,0.05,
"Onslow, NC",1162,0.067,4560,0.542,
"Orange, NC",18096,0.499,17546,0.484,
"Pamlico, NC",676,0.389,1355,0.47200000000000003,
"Pender, NC",4033,0.525,2222,0.289,
"Perquimans, NC",531,0.322,202,0.12300000000000001,
"Person, NC",211,0.052000000000000005,197,0.048,
"Pitt, NC",1151,0.075,11856,0.57,
"Polk, NC",1123,0.48700000000000004,1099,0.47700000000000004,
"Randolph, NC",2914,0.45799999999999996,1464,0.551,
"Robeson, NC",2090,0.508,1332,0.324,
"Rockingham, NC",4451,0.39899999999999997,774,0.069,
"Rowan, NC",1783,0.08800000000000001,1092,0.054000000000000006,
"Rutherford, NC",538,0.064,2382,0.46,
"Sampson, NC",3790,0.657,1554,0.26899999999999996,
"Scotland, NC",1142,0.26899999999999996,5202,0.49200000000000005,
"Stokes, NC",3776,0.46,3380,0.41200000000000003,
"Surry, NC",3850,0.405,765,0.08,
"Swain, NC",132,0.09699999999999999,115,0.084,
"Transylvania, NC",463,0.08,1954,0.499,
"Tyrrell, NC",266,0.493,197,0.365,
"Union, NC",5547,0.406,1017,0.503,
"Wake, NC",48462,0.40399999999999997,35174,0.293,
"Warren, NC",297,0.304,84,0.086,
"Washington, NC",38,0.054000000000000006,32,0.045,
"Watauga, NC",924,0.127,5811,0.685,
"Wayne, NC",7546,0.625,3564,0.295,
"Wilkes, NC",1783,0.426,3383,0.441,
"Yadkin, NC",3436,0.44299999999999995,3183,0.41,
"Yancey, NC",1151,0.39899999999999997,282,0.098,
"Adams, OH",843,0.157,78,0.013999999999999999,
"Allen, OH",433,0.021,3670,0.5660000000000001,
"Ashland, OH",1465,0.495,1451,0.491,
"Ashtabula, OH",4256,0.439,2621,0.424,
"Auglaize, OH",4998,0.43799999999999994,4284,0.375,
"Belmont, OH",2995,0.278,1959,0.182,
"Brown, OH",1430,0.155,171,0.019,
"Butler, OH",1676,0.024,12874,0.534,
"Carroll, OH",1084,0.514,976,0.462,
"Champaign, OH",1099,0.466,10661,0.43700000000000006,
"Clermont, OH",17186,0.40399999999999997,17153,0.40299999999999997,
"Clinton, OH",3456,0.38,1226,0.135,
"Columbiana, OH",2265,0.12,377,0.02,
"Coshocton, OH",148,0.023,1358,0.536,
"Crawford, OH",1344,0.514,1141,0.436,
"Cuyahoga, OH",72297,0.363,5437,0.426,
"Defiance, OH",3956,0.47100000000000003,2595,0.309,
"Delaware, OH",11146,0.21600000000000003,6199,0.12,
"Erie, OH",1600,0.125,383,0.03,
"Fairfield, OH",678,0.021,6408,0.5529999999999999,
"Fayette, OH",760,0.583,533,0.409,
"Franklin, OH",67855,0.444,4578,0.478,
"Gallia, OH",2900,0.465,2087,0.335,
"Geauga, OH",8101,0.34,2690,0.113,
"Greene, OH",4965,0.136,816,0.022000000000000002,
"Guernsey, OH",164,0.024,1440,0.53,
"Hamilton, OH",57687,0.595,38956,0.402,
"Hancock, OH",2062,0.449,2265,0.42200000000000004,
"Harrison, OH",1424,0.517,801,0.29100000000000004,
"Henry, OH",1981,0.294,948,0.141,
"Highland, OH",1101,0.14,176,0.022000000000000002,
"Hocking, OH",91,0.019,1204,0.523,
"Holmes, OH",561,0.488,558,0.485,
"Huron, OH",1907,0.47700000000000004,3018,0.504,
"Jefferson, OH",5695,0.518,3176,0.289,
"Knox, OH",4100,0.314,2972,0.22699999999999998,
"Lake, OH",4421,0.10099999999999999,1074,0.024,
"Lawrence, OH",457,0.037000000000000005,2654,0.5539999999999999,
"Licking, OH",6785,0.5329999999999999,5849,0.45899999999999996,
"Logan, OH",998,0.489,21544,0.486,
"Lucas, OH",24633,0.47700000000000004,17403,0.337,
"Madison, OH",2566,0.318,1311,0.162,
"Mahoning, OH",2725,0.08,794,0.023,
"Marion, OH",201,0.018000000000000002,2585,0.569,
"Medina, OH",7913,0.531,6888,0.46299999999999997,
"Meigs, OH",757,0.47200000000000003,4488,0.431,
"Miami, OH",11050,0.415,10848,0.40700000000000003,
"Monroe, OH",489,0.24,370,0.182,
"Montgomery, OH",10390,0.11800000000000001,1701,0.019,
"Morgan, OH",110,0.033,566,0.562,
"Morrow, OH",1164,0.521,1035,0.46299999999999997,
"Muskingum, OH",2299,0.424,1183,0.469,
"Ottawa, OH",3287,0.43,2968,0.38799999999999996,
"Paulding, OH",1313,0.321,872,0.213,
"Perry, OH",933,0.16,120,0.021,
"Pickaway, OH",194,0.018000000000000002,2097,0.556,
"Pike, OH",1336,0.568,949,0.40299999999999997,
"Portage, OH",8665,0.49,5019,0.483,
"Putnam, OH",5024,0.47600000000000003,2778,0.263,
"Richland, OH",8829,0.36,5742,0.23399999999999999,
"Ross, OH",1927,0.159,319,0.026000000000000002,
"Sandusky, OH",332,0.027999999999999997,2866,0.534,
"Scioto, OH",3499,0.537,2903,0.446,
"Seneca, OH",2064,0.49200000000000005,4693,0.405,
"Stark, OH",33297,0.48100000000000004,26047,0.376,
"Summit, OH",55376,0.354,15725,0.1,
"Trumbull, OH",2711,0.094,659,0.023,
"Tuscarawas, OH",403,0.027999999999999997,4479,0.516,
"Union, OH",1580,0.508,1501,0.483,
"Van Wert, OH",621,0.45399999999999996,1023,0.484,
"Warren, OH",22870,0.428,20244,0.379,
"Washington, OH",5023,0.395,1997,0.157,
"Wayne, OH",3587,0.168,390,0.018000000000000002,
"Williams, OH",236,0.027000000000000003,1156,0.526,
"Wood, OH",7165,0.537,6108,0.45799999999999996,
"Wyandot, OH",647,0.486,516,0.332,
"Adair, OK",582,0.33399999999999996,421,0.368,
"Alfalfa, OK",92,0.28,278,0.374,
"Atoka, OK",370,0.284,557,0.48,
"Beaver, OK",52,0.289,900,0.41200000000000003,
"Beckham, OK",464,0.312,533,0.368,
"Blaine, OK",313,0.373,1242,0.44,
"Bryan, OK",1050,0.312,847,0.42200000000000004,
"Caddo, OK",1060,0.364,8105,0.36200000000000004,
"Canadian, OK",3357,0.384,1482,0.35600000000000004,
"Carter, OK",1240,0.32299999999999995,1067,0.32,
"Cherokee, OK",2023,0.387,306,0.43200000000000005,
"Choctaw, OK",384,0.29,204,0.42200000000000004,
"Cimarron, OK",22,0.175,12328,0.344,
"Cleveland, OK",10433,0.376,102,0.397,
"Coal, OK",136,0.19,3419,0.41700000000000004,
"Comanche, OK",3523,0.449,317,0.524,
"Cotton, OK",204,0.297,418,0.34700000000000003,
"Craig, OK",609,0.358,3812,0.37,
"Creek, OK",2301,0.42,1491,0.425,
"Custer, OK",750,0.336,1721,0.369,
"Delaware, OK",1447,0.41200000000000003,363,0.426,
"Dewey, OK",134,0.275,350,0.39799999999999996,
"Ellis, OK",70,0.233,2798,0.307,
"Garfield, OK",1403,0.413,1028,0.39299999999999996,
"Garvin, OK",909,0.327,3020,0.39399999999999996,
"Grady, OK",1629,0.342,333,0.335,
"Grant, OK",125,0.319,111,0.379,
"Greer, OK",164,0.276,59,0.32799999999999996,
"Harmon, OK",122,0.37200000000000005,280,0.418,
"Harper, OK",68,0.261,265,0.39299999999999996,
"Haskell, OK",475,0.32799999999999996,316,0.41600000000000004,
"Hughes, OK",537,0.33,879,0.37200000000000005,
"Jackson, OK",505,0.386,149,0.392,
"Jefferson, OK",197,0.294,254,0.36700000000000005,
"Johnston, OK",260,0.248,2190,0.341,
"Kay, OK",1288,0.385,958,0.341,
"Kingfisher, OK",268,0.332,301,0.382,
"Kiowa, OK",331,0.348,179,0.36700000000000005,
"Latimer, OK",499,0.312,1908,0.382,
"Lincoln, OK",1161,0.385,2821,0.363,
"Logan, OK",1314,0.42100000000000004,216,0.42200000000000004,
"Love, OK",314,0.32,816,0.429,
"Major, OK",140,0.34700000000000003,485,0.408,
"Marshall, OK",400,0.303,1570,0.353,
"Mayes, OK",1659,0.4,2484,0.406,
"McClain, OK",1157,0.354,473,0.348,
"McCurtain, OK",712,0.28300000000000003,572,0.38799999999999996,
"McIntosh, OK",1022,0.402,346,0.35,
"Murray, OK",544,0.327,1561,0.31,
"Muskogee, OK",3381,0.44799999999999995,596,0.317,
"Noble, OK",362,0.353,448,0.35100000000000003,
"Nowata, OK",406,0.382,311,0.396,
"Okfuskee, OK",421,0.369,29030,0.32799999999999996,
"Oklahoma, OK",32368,0.474,1176,0.379,
"Okmulgee, OK",1867,0.457,2048,0.38,
"Osage, OK",2327,0.462,710,0.34700000000000003,
"Ottawa, OK",972,0.39299999999999996,743,0.37799999999999995,
"Pawnee, OK",603,0.405,2869,0.311,
"Payne, OK",2622,0.389,1086,0.374,
"Pittsburg, OK",1717,0.316,1063,0.324,
"Pontotoc, OK",1186,0.29600000000000004,2914,0.37,
"Pottawatomie, OK",2300,0.375,219,0.396,
"Pushmataha, OK",317,0.267,217,0.45299999999999996,
"Roger Mills, OK",100,0.21600000000000003,5850,0.37200000000000005,
"Rogers, OK",2810,0.396,673,0.379,
"Seminole, OK",932,0.391,1024,0.374,
"Sequoyah, OK",1359,0.36,2428,0.446,
"Stephens, OK",1174,0.312,1036,0.39399999999999996,
"Texas, OK",267,0.317,280,0.413,
"Tillman, OK",214,0.332,27829,0.316,
"Tulsa, OK",25372,0.474,4459,0.387,
"Wagoner, OK",2493,0.435,3597,0.384,
"Washington, OK",1649,0.424,560,0.433,
"Washita, OK",292,0.251,574,0.361,
"Woods, OK",217,0.33799999999999997,1235,0.376,
"Woodward, OK",343,0.308,1353,0.369,
"Abbeville, SC",1501,0.818,312,0.17,
"Aiken, SC",1207,0.042,6888,0.7020000000000001,
"Allendale, SC",21,0.057999999999999996,12,0.033,
"Anderson, SC",2959,0.086,2411,0.07,
"Bamberg, SC",193,0.161,78,0.065,
"Barnwell, SC",575,0.222,516,0.19899999999999998,
"Beaufort, SC",9912,0.301,9126,0.27699999999999997,
"Beaufort, SC",3567,0.263,9406,0.34,
"Berkeley, SC",9471,0.72,3584,0.272,
"Calhoun, SC",110,0.048,1536,0.861,
"Charleston, SC",6140,0.11199999999999999,2467,0.045,
"Cherokee, SC",879,0.102,382,0.044000000000000004,
"Chester, SC",553,0.166,284,0.085,
"Chesterfield, SC",1434,0.319,695,0.154,
"Clarendon, SC",1601,0.373,1036,0.24100000000000002,
"Clarendon, SC",337,0.086,2326,0.433,
"Colleton, SC",2932,0.825,583,0.16399999999999998,
"Darlington, SC",328,0.037000000000000005,4988,0.8190000000000001,
"Dillon, SC",112,0.042,65,0.024,
"Dorchester, SC",1951,0.08800000000000001,1418,0.064,
"Edgefield, SC",900,0.225,326,0.081,
"Fairfield, SC",631,0.247,496,0.19399999999999998,
"Florence, SC",6004,0.331,5208,0.287,
"Florence, SC",2584,0.214,4620,0.402,
"Georgetown, SC",4931,0.778,1346,0.212,
"Greenville, SC",6548,0.07,19807,0.6409999999999999,
"Greenwood, SC",866,0.08199999999999999,697,0.066,
"Hampton, SC",92,0.055,88,0.053,
"Horry, SC",8496,0.158,3430,0.064,
"Jasper, SC",695,0.23199999999999998,566,0.18899999999999997,
"Kershaw, SC",3673,0.344,2772,0.259,
"Kershaw, SC",1086,0.22399999999999998,4190,0.33899999999999997,
"Lancaster, SC",3332,0.73,1213,0.266,
"Laurens, SC",436,0.045,2952,0.784,
"Lee, SC",65,0.042,58,0.037000000000000005,
"Lexington, SC",5298,0.09699999999999999,4847,0.08900000000000001,
"Marion, SC",436,0.154,215,0.076,
"Marlboro, SC",409,0.23399999999999999,254,0.145,
"McCormick, SC",615,0.33899999999999997,468,0.258,
"McCormick, SC",162,0.142,2024,0.344,
"Newberry, SC",2118,0.81,469,0.179,
"Oconee, SC",1123,0.07200000000000001,1960,0.596,
"Orangeburg, SC",404,0.06,353,0.053,
"Pickens, SC",2033,0.086,1714,0.07200000000000001,
"Richland, SC",7964,0.203,4484,0.114,
"Saluda, SC",797,0.23199999999999998,553,0.161,
"Spartanburg, SC",15249,0.327,11478,0.24600000000000002,
"Spartanburg, SC",4447,0.293,3762,0.337,
"Sumter, SC",9816,0.866,1441,0.127,
"Union, SC",114,0.032,1690,0.8340000000000001,
"Williamsburg, SC",152,0.055,76,0.027999999999999997,
"York, SC",3953,0.10400000000000001,2632,0.069,
"Anderson, TN",2340,0.218,862,0.08,
"Bedford, TN",821,0.13,475,0.075,
"Benton, TN",278,0.125,123,0.055,
"Bledsoe, TN",285,0.139,166,0.081,
"Blount, TN",4721,0.223,1729,0.081,
"Bradley, TN",3625,0.217,1719,0.10300000000000001,
"Campbell, TN",705,0.16699999999999998,289,0.068,
"Cannon, TN",195,0.083,159,0.068,
"Carroll, TN",573,0.157,313,0.086,
"Carter, TN",1757,0.183,699,0.073,
"Cheatham, TN",848,0.14800000000000002,419,0.073,
"Chester, TN",379,0.152,319,0.128,
"Claiborne, TN",540,0.14400000000000002,200,0.053,
"Clay, TN",146,0.139,66,0.063,
"Cocke, TN",765,0.127,355,0.059000000000000004,
"Coffee, TN",1307,0.158,702,0.085,
"Crockett, TN",275,0.131,189,0.09,
"Cumberland, TN",1972,0.165,791,0.066,
"Davidson, TN",12115,0.22,4865,0.08800000000000001,
"Decatur, TN",199,0.125,110,0.069,
"Dickson, TN",924,0.14800000000000002,520,0.083,
"Dyer, TN",812,0.16,361,0.071,
"Fayette, TN",1121,0.154,430,0.059000000000000004,
"Fentress, TN",324,0.111,147,0.05,
"Franklin, TN",948,0.14800000000000002,556,0.087,
"Gibson, TN",1014,0.147,762,0.111,
"Giles, TN",527,0.14,273,0.07200000000000001,
"Grainger, TN",557,0.159,171,0.049,
"Greene, TN",1845,0.16699999999999998,860,0.078,
"Grundy, TN",141,0.086,133,0.081,
"Hamblen, TN",1954,0.185,827,0.078,
"Hamilton, TN",9625,0.187,5075,0.098,
"Hancock, TN",150,0.17,40,0.045,
"Hardeman, TN",315,0.133,216,0.091,
"Hardin, TN",597,0.156,283,0.07400000000000001,
"Hawkins, TN",1460,0.159,572,0.062,
"Haywood, TN",224,0.149,106,0.07,
"Henderson, TN",571,0.14400000000000002,363,0.092,
"Henry, TN",751,0.138,370,0.068,
"Hickman, TN",331,0.11699999999999999,210,0.07400000000000001,
"Houston, TN",159,0.156,67,0.066,
"Humphreys, TN",328,0.139,173,0.073,
"Jackson, TN",192,0.126,92,0.06,
"Jefferson, TN",1579,0.175,664,0.07400000000000001,
"Johnson, TN",452,0.159,169,0.06,
"Knox, TN",13571,0.209,5035,0.078,
"Lake, TN",72,0.124,45,0.078,
"Lauderdale, TN",304,0.131,161,0.069,
"Lawrence, TN",689,0.11900000000000001,395,0.068,
"Lewis, TN",176,0.11,125,0.078,
"Lincoln, TN",850,0.155,489,0.08900000000000001,
"Loudon, TN",2197,0.21100000000000002,780,0.075,
"Macon, TN",283,0.092,185,0.06,
"Madison, TN",2513,0.209,1095,0.091,
"Marion, TN",586,0.16399999999999998,271,0.076,
"Marshall, TN",503,0.132,296,0.077,
"Maury, TN",2043,0.174,945,0.081,
"McMinn, TN",1551,0.18100000000000002,743,0.087,
"McNairy, TN",581,0.155,385,0.10300000000000001,
"Meigs, TN",289,0.159,122,0.067,
"Monroe, TN",1333,0.156,619,0.07200000000000001,
"Montgomery, TN",3619,0.209,1336,0.077,
"Moore, TN",157,0.107,149,0.102,
"Morgan, TN",342,0.134,176,0.069,
"Obion, TN",607,0.135,341,0.076,
"Overton, TN",455,0.136,225,0.067,
"Perry, TN",130,0.132,51,0.052000000000000005,
"Pickett, TN",143,0.12,90,0.076,
"Polk, TN",311,0.139,157,0.07,
"Putnam, TN",1899,0.17800000000000002,999,0.094,
"Rhea, TN",1020,0.192,448,0.084,
"Roane, TN",1629,0.19,660,0.077,
"Robertson, TN",1566,0.158,820,0.083,
"Rutherford, TN",7376,0.2,3071,0.083,
"Scott, TN",405,0.179,134,0.059000000000000004,
"Sequatchie, TN",361,0.168,199,0.09300000000000001,
"Sevier, TN",3170,0.193,1099,0.067,
"Shelby, TN",18248,0.264,5187,0.075,
"Smith, TN",316,0.107,233,0.079,
"Stewart, TN",301,0.157,130,0.068,
"Sullivan, TN",4513,0.19899999999999998,1730,0.076,
"Sumner, TN",5161,0.196,2286,0.087,
"Tipton, TN",1238,0.147,534,0.063,
"Trousdale, TN",91,0.098,63,0.068,
"Unicoi, TN",614,0.171,238,0.066,
"Union, TN",337,0.139,147,0.061,
"Van Buren, TN",90,0.1,69,0.077,
"Warren, TN",792,0.16399999999999998,354,0.073,
"Washington, TN",4434,0.23199999999999998,1506,0.079,
"Wayne, TN",261,0.11900000000000001,158,0.07200000000000001,
"Weakley, TN",694,0.162,383,0.08900000000000001,
"White, TN",497,0.121,307,0.075,
"Williamson, TN",10517,0.253,3285,0.079,
"Wilson, TN",4060,0.184,1648,0.075,
"Anderson, TX",804,0.095,375,0.044000000000000004,
"Andrews, TX",402,0.139,201,0.069,
"Angelina, TX",1613,0.11900000000000001,593,0.044000000000000004,
"Aransas, TX",789,0.14800000000000002,272,0.051,
"Archer, TX",266,0.10800000000000001,151,0.061,
"Armstrong, TX",60,0.077,58,0.075,
"Atascosa, TX",528,0.11800000000000001,142,0.032,
"Austin, TX",647,0.106,197,0.032,
"Bailey, TX",123,0.129,63,0.066,
"Bandera, TX",618,0.11800000000000001,217,0.040999999999999995,
"Bastrop, TX",1550,0.14400000000000002,569,0.053,
"Baylor, TX",96,0.11599999999999999,60,0.07200000000000001,
"Bee, TX",427,0.141,99,0.033,
"Bell, TX",4844,0.154,1676,0.053,
"Bexar, TX",30683,0.23199999999999998,6262,0.047,
"Blanco, TX",411,0.13699999999999998,111,0.037000000000000005,
"Borden, TX",30,0.09699999999999999,14,0.045,
"Bosque, TX",388,0.092,177,0.042,
"Bowie, TX",2091,0.127,940,0.057,
"Brazoria, TX",5573,0.142,1350,0.034,
"Brazos, TX",4628,0.18100000000000002,1718,0.067,
"Brewster, TX",208,0.17,63,0.052000000000000005,
"Briscoe, TX",35,0.077,20,0.044000000000000004,
"Brooks, TX",4,0.069,3,0.052000000000000005,
"Brown, TX",924,0.106,489,0.055999999999999994,
"Burleson, TX",259,0.078,134,0.04,
"Burnet, TX",1573,0.155,517,0.051,
"Caldwell, TX",729,0.158,218,0.047,
"Calhoun, TX",445,0.126,125,0.035,
"Callahan, TX",290,0.085,142,0.042,
"Cameron, TX",2634,0.20800000000000002,479,0.038,
"Camp, TX",264,0.133,107,0.054000000000000006,
"Carson, TX",127,0.08199999999999999,123,0.08,
"Cass, TX",503,0.09300000000000001,265,0.049,
"Castro, TX",112,0.109,82,0.08,
"Chambers, TX",610,0.087,226,0.032,
"Cherokee, TX",767,0.09,406,0.048,
"Childress, TX",122,0.124,59,0.06,
"Clay, TX",302,0.10300000000000001,174,0.06,
"Cochran, TX",122,0.163,39,0.052000000000000005,
"Coke, TX",85,0.1,50,0.059000000000000004,
"Coleman, TX",208,0.091,124,0.055,
"Collin, TX",27082,0.233,6893,0.059000000000000004,
"Collingsworth, TX",66,0.11599999999999999,61,0.107,
"Colorado, TX",470,0.125,100,0.027000000000000003,
"Comal, TX",5099,0.177,1176,0.040999999999999995,
"Comanche, TX",319,0.11,139,0.048,
"Concho, TX",75,0.109,48,0.07,
"Cooke, TX",986,0.113,396,0.045,
"Coryell, TX",883,0.114,411,0.053,
"Cottle, TX",16,0.053,14,0.047,
"Crane, TX",169,0.16399999999999998,51,0.049,
"Crockett, TX",29,0.156,16,0.086,
"Crosby, TX",86,0.121,51,0.07200000000000001,
"Culberson, TX",9,0.113,2,0.025,
"Dallam, TX",89,0.106,56,0.067,
"Dallas, TX",43303,0.248,13732,0.079,
"Dawson, TX",380,0.17600000000000002,119,0.055,
"Deaf Smith, TX",301,0.155,98,0.051,
"Delta, TX",133,0.106,59,0.047,
"Denton, TX",21007,0.21899999999999997,4782,0.05,
"De Witt, TX",368,0.102,107,0.03,
"Dickens, TX",54,0.092,49,0.084,
"Dimmit, TX",11,0.11,3,0.03,
"Donley, TX",73,0.091,72,0.08900000000000001,
"Duval, TX",12,0.095,6,0.048,
"Eastland, TX",341,0.08800000000000001,133,0.034,
"Ector, TX",2284,0.14400000000000002,831,0.053,
"Edwards, TX",79,0.141,22,0.039,
"Ellis, TX",3815,0.14800000000000002,1257,0.049,
"El Paso, TX",7270,0.253,1256,0.044000000000000004,
"Erath, TX",919,0.131,367,0.052000000000000005,
"Falls, TX",191,0.076,81,0.032,
"Fannin, TX",551,0.096,252,0.044000000000000004,
"Fayette, TX",832,0.133,195,0.031,
"Fisher, TX",61,0.107,33,0.057999999999999996,
"Floyd, TX",190,0.141,97,0.07200000000000001,
"Foard, TX",1,0.032,0,0.0,
"Fort Bend, TX",13388,0.195,3321,0.048,
"Franklin, TX",354,0.14,122,0.048,
"Freestone, TX",433,0.09,300,0.062,
"Frio, TX",31,0.084,19,0.051,
"Gaines, TX",280,0.115,167,0.068,
"Garza, TX",89,0.087,65,0.064,
"Gillespie, TX",1505,0.185,386,0.047,
"Glasscock, TX",66,0.16399999999999998,30,0.075,
"Goliad, TX",176,0.114,40,0.026000000000000002,
"Gonzales, TX",357,0.106,93,0.027999999999999997,
"Gray, TX",371,0.08199999999999999,317,0.07,
"Grayson, TX",2817,0.135,1079,0.052000000000000005,
"Gregg, TX",2771,0.152,900,0.049,
"Grimes, TX",432,0.098,155,0.035,
"Guadalupe, TX",3573,0.172,857,0.040999999999999995,
"Hale, TX",701,0.159,319,0.07200000000000001,
"Hall, TX",33,0.064,27,0.052000000000000005,
"Hamilton, TX",200,0.092,94,0.043,
"Hansford, TX",151,0.11599999999999999,69,0.053,
"Hardeman, TX",68,0.1,41,0.06,
"Hardin, TX",1049,0.084,393,0.032,
"Harris, TX",63199,0.19399999999999998,17504,0.054000000000000006,
"Harrison, TX",1195,0.115,439,0.042,
"Hartley, TX",146,0.134,55,0.05,
"Haskell, TX",82,0.10099999999999999,80,0.099,
"Hays, TX",4337,0.214,977,0.048,
"Hemphill, TX",182,0.146,73,0.057999999999999996,
"Henderson, TX",1800,0.11800000000000001,687,0.045,
"Hidalgo, TX",4153,0.223,765,0.040999999999999995,
"Hill, TX",925,0.10400000000000001,409,0.046,
"Hockley, TX",525,0.128,264,0.064,
"Hood, TX",2089,0.147,715,0.05,
"Hopkins, TX",848,0.122,384,0.055,
"Houston, TX",381,0.087,181,0.040999999999999995,
"Howard, TX",477,0.126,209,0.055,
"Hudspeth, TX",26,0.133,11,0.055999999999999994,
"Hunt, TX",1650,0.114,604,0.042,
"Hutchinson, TX",499,0.098,277,0.054000000000000006,
"Irion, TX",58,0.14,25,0.061,
"Jack, TX",176,0.092,60,0.031,
"Jackson, TX",312,0.114,81,0.028999999999999998,
"Jasper, TX",428,0.07200000000000001,214,0.036000000000000004,
"Jeff Davis, TX",74,0.14300000000000002,36,0.069,
"Jefferson, TX",2342,0.12300000000000001,680,0.036000000000000004,
"Jim Hogg, TX",6,0.14300000000000002,1,0.024,
"Jim Wells, TX",297,0.14,87,0.040999999999999995,
"Johnson, TX",3098,0.12300000000000001,1526,0.06,
"Jones, TX",314,0.09300000000000001,165,0.049,
"Karnes, TX",134,0.111,41,0.034,
"Kaufman, TX",2159,0.12300000000000001,774,0.044000000000000004,
"Kendall, TX",1840,0.18100000000000002,479,0.047,
"Kenedy, TX",2,0.105,2,0.105,
"Kent, TX",18,0.08,16,0.071,
"Kerr, TX",2310,0.187,617,0.05,
"Kimble, TX",155,0.139,65,0.057999999999999996,
"King, TX",17,0.14800000000000002,5,0.043,
"Kinney, TX",72,0.141,27,0.053,
"Kleberg, TX",410,0.183,79,0.035,
"Knox, TX",78,0.11,45,0.063,
"Lamar, TX",1319,0.131,540,0.054000000000000006,
"Lamb, TX",368,0.146,244,0.09699999999999999,
"Lampasas, TX",461,0.12,196,0.051,
"La Salle, TX",47,0.156,8,0.027000000000000003,
"Lee, TX",339,0.10400000000000001,133,0.040999999999999995,
"Leon, TX",277,0.07200000000000001,151,0.039,
"Liberty, TX",810,0.068,411,0.035,
"Limestone, TX",347,0.095,214,0.057999999999999996,
"Lipscomb, TX",97,0.094,67,0.065,
"Live Oak, TX",216,0.10099999999999999,64,0.03,
"Llano, TX",1041,0.17600000000000002,249,0.042,
"Loving, TX",7,0.233,1,0.033,
"Lubbock, TX",7616,0.179,2746,0.065,
"Lynn, TX",182,0.132,92,0.067,
"Madison, TX",194,0.091,95,0.045,
"Marion, TX",147,0.086,87,0.051,
"Martin, TX",133,0.141,52,0.055,
"Mason, TX",152,0.11800000000000001,54,0.042,
"Matagorda, TX",514,0.11800000000000001,126,0.028999999999999998,
"Maverick, TX",88,0.2,18,0.040999999999999995,
"McCulloch, TX",257,0.124,93,0.045,
"McLennan, TX",4710,0.152,1682,0.054000000000000006,
"McMullen, TX",44,0.10800000000000001,10,0.025,
"Medina, TX",1001,0.131,347,0.045,
"Menard, TX",70,0.11699999999999999,25,0.042,
"Midland, TX",3438,0.157,1277,0.057999999999999996,
"Milam, TX",421,0.10099999999999999,178,0.043,
"Mills, TX",138,0.098,80,0.057,
"Mitchell, TX",124,0.10099999999999999,54,0.044000000000000004,
"Montague, TX",459,0.094,215,0.044000000000000004,
"Montgomery, TX",13398,0.14800000000000002,3574,0.039,
"Moore, TX",267,0.106,140,0.055999999999999994,
"Morris, TX",182,0.11800000000000001,100,0.065,
"Motley, TX",42,0.092,9,0.02,
"Nacogdoches, TX",1298,0.13,481,0.048,
"Navarro, TX",1009,0.127,358,0.045,
"Newton, TX",107,0.06,68,0.038,
"Nolan, TX",412,0.135,166,0.054000000000000006,
"Nueces, TX",5070,0.18100000000000002,1504,0.054000000000000006,
"Ochiltree, TX",238,0.133,105,0.057999999999999996,
"Oldham, TX",59,0.102,46,0.08,
"Orange, TX",1407,0.091,451,0.028999999999999998,
"Palo Pinto, TX",674,0.109,304,0.049,
"Panola, TX",435,0.08199999999999999,230,0.043,
"Parker, TX",3495,0.131,1266,0.047,
"Parmer, TX",145,0.11800000000000001,89,0.073,
"Pecos, TX",169,0.134,71,0.055999999999999994,
"Polk, TX",844,0.109,362,0.047,
"Potter, TX",1502,0.132,696,0.061,
"Presidio, TX",18,0.18600000000000003,8,0.08199999999999999,
"Rains, TX",245,0.11,62,0.027999999999999997,
"Randall, TX",3677,0.15,1612,0.066,
"Reagan, TX",107,0.132,35,0.043,
"Real, TX",183,0.128,67,0.047,
"Red River, TX",207,0.086,118,0.049,
"Reeves, TX",16,0.128,16,0.128,
"Refugio, TX",113,0.11699999999999999,34,0.035,
"Roberts, TX",33,0.085,14,0.036000000000000004,
"Robertson, TX",227,0.087,134,0.051,
"Rockwall, TX",3229,0.187,768,0.045,
"Runnels, TX",243,0.10099999999999999,144,0.06,
"Rusk, TX",864,0.08900000000000001,459,0.047,
"Sabine, TX",228,0.08,97,0.034,
"San Augustine, TX",138,0.068,57,0.027999999999999997,
"San Jacinto, TX",376,0.079,163,0.034,
"San Patricio, TX",1027,0.146,257,0.037000000000000005,
"San Saba, TX",139,0.09699999999999999,70,0.049,
"Schleicher, TX",64,0.125,37,0.07200000000000001,
"Scurry, TX",387,0.13699999999999998,158,0.055999999999999994,
"Shackelford, TX",97,0.084,53,0.046,
"Shelby, TX",356,0.075,191,0.04,
"Sherman, TX",58,0.114,23,0.045,
"Smith, TX",5692,0.14300000000000002,1939,0.049,
"Somervell, TX",315,0.126,93,0.037000000000000005,
"Starr, TX",26,0.205,5,0.039,
"Stephens, TX",232,0.08800000000000001,135,0.051,
"Sterling, TX",64,0.162,33,0.084,
"Stonewall, TX",27,0.098,8,0.028999999999999998,
"Sutton, TX",159,0.163,50,0.051,
"Swisher, TX",97,0.107,85,0.09300000000000001,
"Tarrant, TX",43689,0.204,9945,0.047,
"Taylor, TX",3810,0.171,1351,0.061,
"Terrell, TX",13,0.111,7,0.06,
"Terry, TX",241,0.133,118,0.065,
"Throckmorton, TX",51,0.121,32,0.076,
"Titus, TX",525,0.12300000000000001,275,0.064,
"Tom Green, TX",2875,0.172,1124,0.067,
"Travis, TX",21469,0.253,7239,0.085,
"Trinity, TX",324,0.092,121,0.034,
"Tyler, TX",346,0.081,145,0.034,
"Upshur, TX",727,0.086,413,0.049,
"Upton, TX",108,0.165,41,0.063,
"Uvalde, TX",304,0.136,133,0.06,
"Val Verde, TX",545,0.213,134,0.052000000000000005,
"Van Zandt, TX",1205,0.10300000000000001,556,0.047,
"Victoria, TX",1773,0.145,452,0.037000000000000005,
"Walker, TX",1201,0.14,429,0.05,
"Waller, TX",542,0.09,190,0.032,
"Ward, TX",166,0.115,79,0.055,
"Washington, TX",943,0.14,327,0.048,
"Webb, TX",1155,0.282,108,0.026000000000000002,
"Wharton, TX",816,0.121,217,0.032,
"Wheeler, TX",141,0.085,101,0.061,
"Wichita, TX",2659,0.16899999999999998,924,0.059000000000000004,
"Wilbarger, TX",332,0.14,171,0.07200000000000001,
"Willacy, TX",67,0.19899999999999998,8,0.024,
"Williamson, TX",14716,0.21899999999999997,3809,0.057,
"Wilson, TX",999,0.12,311,0.037000000000000005,
"Winkler, TX",167,0.136,73,0.059000000000000004,
"Wise, TX",1146,0.10300000000000001,493,0.044000000000000004,
"Wood, TX",1246,0.115,451,0.040999999999999995,
"Yoakum, TX",223,0.14300000000000002,121,0.077,
"Young, TX",516,0.12300000000000001,210,0.05,
"Zapata, TX",11,0.128,4,0.047,
"Zavala, TX",0,0.0,0,0.0,
"Beaver, UT",47,0.129,0,0.0,
"Box Elder, UT",90,0.242,7172,0.7090000000000001,
"Carbon, UT",293,0.3,90,0.092,
"Daggett, UT",13,0.867,1,0.067,
"Duchesne, UT",1342,0.764,324,0.185,
"Emery, UT",88,0.125,66,0.653,
"Garfield, UT",23,0.23199999999999998,180,0.534,
"Iron, UT",720,0.20600000000000002,485,0.139,
"Juab, UT",55,0.775,16,0.225,
"Millard, UT",771,0.7120000000000001,199,0.184,
"Morgan, UT",134,0.11699999999999999,104,0.693,
"Piute, UT",0,0.0,198,0.7859999999999999,
"Salt Lake, UT",9017,0.193,6542,0.14,
"San Juan, UT",81,0.648,44,0.35200000000000004,
"Sevier, UT",1010,0.642,374,0.23800000000000002,
"Summit, UT",411,0.267,1645,0.6829999999999999,
"Tooele, UT",240,0.195,2144,0.7390000000000001,
"Utah, UT",6236,0.154,3713,0.091,
"Wasatch, UT",557,0.764,170,0.233,
"Wayne, UT",154,0.675,46,0.20199999999999999,
"Weber, UT",1695,0.161,5465,0.828,
"Addison, VT",17,0.07400000000000001,251,0.863,
"Bennington, VT",47,0.047,2121,0.838,
"Chittenden, VT",6,0.026000000000000002,254,0.904,
"Essex, VT",103,0.049,3622,0.866,
"Franklin, VT",6,0.040999999999999995,173,0.915,
"Grand Isle, VT",12,0.040999999999999995,426,0.857,
"Orange, VT",11,0.081,133,0.937,
"Rutland, VT",51,0.027000000000000003,2318,0.841,
"Washington, VT",11,0.087,155,0.82,
"Windham, VT",0,0.0,110,0.88,
"Windsor, VT",11,0.038,709,0.865,
"Albemarle, VA",665,0.045,8284,0.545,
"Alleghany, VA",68,0.043,433,0.633,
"Amelia, VA",56,0.026000000000000002,671,0.7879999999999999,
"Amherst, VA",152,0.034,1044,0.652,
"Appomattox, VA",82,0.034,448,0.67,
"Arlington, VA",381,0.017,25561,0.669,
"Augusta, VA",807,0.059000000000000004,1754,0.514,
"Bath, VA",35,0.059000000000000004,148,0.63,
"Bedford, VA",796,0.052000000000000005,1876,0.565,
"Bland, VA",45,0.042,125,0.517,
"Botetourt, VA",322,0.052000000000000005,888,0.557,
"Brunswick, VA",54,0.048,1354,0.897,
"Buchanan, VA",47,0.021,523,0.7040000000000001,
"Buckingham, VA",46,0.027999999999999997,806,0.75,
"Campbell, VA",333,0.037000000000000005,1296,0.657,
"Caroline, VA",148,0.046,1902,0.743,
"Carroll, VA",169,0.038,600,0.5710000000000001,
"Charles City, VA",28,0.042,863,0.856,
"Charlotte, VA",49,0.033,635,0.7909999999999999,
"Chesterfield, VA",2772,0.052000000000000005,22674,0.6609999999999999,
"Clarke, VA",176,0.07,625,0.514,
"Craig, VA",18,0.021,113,0.511,
"Culpeper, VA",442,0.063,1421,0.547,
"Cumberland, VA",27,0.019,639,0.799,
"Dickenson, VA",33,0.022000000000000002,346,0.6,
"Dinwiddie, VA",102,0.036000000000000004,1935,0.833,
"Essex, VA",63,0.054000000000000006,642,0.8220000000000001,
"Fairfax, VA",4095,0.031,86898,0.63,
"Fauquier, VA",897,0.066,2860,0.545,
"Floyd, VA",98,0.04,935,0.7,
"Fluvanna, VA",232,0.064,1355,0.5760000000000001,
"Franklin, VA",430,0.053,1674,0.626,
"Frederick, VA",779,0.06,2136,0.505,
"Giles, VA",95,0.043,405,0.5579999999999999,
"Gloucester, VA",362,0.055,1448,0.591,
"Goochland, VA",271,0.05,1572,0.716,
"Grayson, VA",61,0.033,269,0.5,
"Greene, VA",204,0.069,603,0.508,
"Greensville, VA",23,0.033,832,0.877,
"Halifax, VA",143,0.036000000000000004,1754,0.8079999999999999,
"Hampton, VA",614,0.064,13529,0.779,
"Hanover, VA",1371,0.055,4915,0.599,
"Henrico, VA",1871,0.042,28121,0.698,
"Henry, VA",193,0.033,1809,0.727,
"Highland, VA",23,0.059000000000000004,88,0.506,
"Isle of Wight, VA",364,0.061,2446,0.7390000000000001,
"James City, VA",806,0.052000000000000005,5210,0.6509999999999999,
"King and Queen, VA",37,0.044000000000000004,477,0.787,
"King George, VA",262,0.067,916,0.594,
"King William, VA",88,0.033,841,0.7190000000000001,
"Lancaster, VA",144,0.069,823,0.743,
"Lee, VA",68,0.033,299,0.635,
"Loudoun, VA",2235,0.043,21171,0.586,
"Louisa, VA",256,0.05,1630,0.655,
"Lunenburg, VA",35,0.026000000000000002,738,0.836,
"Madison, VA",142,0.065,538,0.591,
"Mathews, VA",121,0.068,435,0.633,
"Mecklenburg, VA",158,0.052000000000000005,1588,0.8029999999999999,
"Middlesex, VA",121,0.063,559,0.653,
"Montgomery, VA",839,0.085,5090,0.59,
"Nelson, VA",95,0.055999999999999994,991,0.562,
"New Kent, VA",234,0.057,951,0.6779999999999999,
"Newport News, VA",1021,0.073,12495,0.73,
"Norfolk, VA",784,0.063,15747,0.6920000000000001,
"Northampton, VA",76,0.055,868,0.725,
"Northumberland, VA",169,0.07,818,0.75,
"Nottoway, VA",38,0.023,829,0.7809999999999999,
"Orange, VA",382,0.071,1322,0.599,
"Page, VA",125,0.046,411,0.536,
"Patrick, VA",84,0.033,372,0.503,
"Pittsylvania, VA",201,0.023,2369,0.752,
"Powhatan, VA",331,0.05,1079,0.644,
"Prince Edward, VA",118,0.057,1366,0.758,
"Prince George, VA",102,0.025,1992,0.777,
"Prince William, VA",2579,0.055999999999999994,26439,0.638,
"Pulaski, VA",171,0.040999999999999995,837,0.583,
"Rappahannock, VA",98,0.07200000000000001,416,0.501,
"Richmond, VA",34,0.040999999999999995,333,0.8,
"Roanoke, VA",1082,0.066,3323,0.5429999999999999,
"Rockbridge, VA",236,0.073,902,0.5710000000000001,
"Rockingham, VA",845,0.063,1941,0.526,
"Russell, VA",80,0.026000000000000002,556,0.599,
"Scott, VA",76,0.026000000000000002,305,0.562,
"Shenandoah, VA",371,0.059000000000000004,958,0.505,
"Smyth, VA",118,0.035,526,0.586,
"Southampton, VA",89,0.040999999999999995,1199,0.838,
"Spotsylvania, VA",1260,0.069,5399,0.604,
"Stafford, VA",1346,0.066,6437,0.603,
"Suffolk, VA",641,0.068,7533,0.795,
"Surry, VA",16,0.02,812,0.818,
"Sussex, VA",35,0.039,958,0.905,
"Tazewell, VA",214,0.036000000000000004,683,0.5770000000000001,
"Virginia Beach, VA",3261,0.057999999999999996,22352,0.63,
"Warren, VA",266,0.051,1007,0.514,
"Washington, VA",366,0.048,1181,0.541,
"Westmoreland, VA",147,0.07200000000000001,879,0.745,
"Wise, VA",107,0.028999999999999998,553,0.511,
"Wythe, VA",148,0.042,528,0.552,
"York, VA",738,0.062,3292,0.615,
"Belknap, NH",1001,0.06548047360502388,5505,0.3601098972983581,
"Carroll, NH",3230,0.3635340461451885,280,0.02312520647505781,
"Carroll, NH",1433,0.11835150313842088,1365,0.11273538156590684,
"Cheshire, NH",4543,0.3449506454062263,1501,0.11397114654517844,
"Coos, NH",170,0.02981932994211542,275,0.048237151376951413,
"Coos, NH",600,0.10524469391334854,14258,0.6733094068757084,
"Grafton, NH",1864,0.11579797477790893,3475,0.21587873516804373,
"Hillsborough, NH",3612,0.04408587714052068,7144,0.08719532289365442,
"Merrimack, NH",18076,0.5968631335644708,12209,0.40313686643552915,
"Merrimack, NH",6172,0.19033521448175902,3056,0.09424245227742313,
"Rockingham, NH",5768,0.07908194743408695,28716,0.3937096398261513,
"Strafford, NH",8801,0.3568069407281278,527,0.024641137139383738,
"Strafford, NH",2492,0.11651938093234207,3322,0.15532800299247207,
"Sullivan, NH",3080,0.38095238095238093,824,0.10191713048855906,
